year,150100090304,150100100208,150100100312,150100100602,150200010101,150200010103,150200010105,150200010107,150200010201,150200010202,150200010203,150200010206,150200010208,150200020103,150200050101,150200050104,150200050403,150200070603,150200070604,150200070606,150200080206,150200080602,150200080609,150200080701,150200080704,150200150102,150200150104,150200160606,150301010305,150301010306,150301010401,150301010402,150301010404,150301010405,150301010409,150301010411,150301010412,150301010702,150301010705,150301010709,150301030201,150301030205,150301030306,150301030411,150301030505,150301030507,150301040105,150301040108,150301041103,150301041107,150301041304,150301041308,150301050310,150301050407,150301050501,150301050502,150301050503,150301050504,150301050506,150301060109,150301060201,150301060202,150301060203,150301060205,150301070104,150301070105,150301070107,150301070200,150301080301,150302010513,150302010606,150302010704,150302010706,150302010707,150302030103,150302030104,150302030105,150302030107,150302030108,150302030109,150302030110,150302030111,150302030112,150302030113,150302030401,150302030402,150302030404,150302030501,150302040204,150302040405,150302040406,150302040407,150302040409,150400020708,150400020709,150400020710,150400020711,150400020801,150400020803,150400020804,150400020805,150400020806,150400020807,150400020811,150400040301,150400050505,150400050604,150400050605,150400050606,150400050701,150400050702,150400050703,150400050704,150400050705,150400050707,150400050710,150400050711,150400050712,150400050713,150400050803,150400050804,150400050805,150400050806,150400050809,150400050810,150400050902,150400050903,150400060202,150400060203,150400060303,150400060304,150400060403,150400060406,150400060410,150400060601,150400060808,150501000106,150501000107,150501000111,150501000201,150501000309,150501000401,150501000402,150501000405,150501000702,150502010603,150502010604,150502010706,150502020403,150502020506,150502020507,150502020601,150502020602,150502020604,150502020605,150502020606,150502020607,150502020608,150502020701,150502020704,150502020706,150502020802,150502020803,150502020808,150502020809,150502020904,150502020907,150502020908,150502020909,150502021101,150502021102,150502021105,150502021107,150502021108,150502030104,150502030201,150502030206,150502030303,150502030307,150502030501,150502030503,150502030506,150502030511,150502030703,150502030705,150502030710,150502030802,150502030803,150502030804,150502030805,150502030806,150502030809,150502030810,150502030903,150502030904,150503010102,150503010103,150503010203,150503010204,150503010206,150503010207,150503010306,150503010307,150503010308,150503010309,150503010310,150503010311,150503010402,150503010403,150503010404,150503010405,150503010501,150503010502,150503010503,150503010504,150503010505,150503010506,150503010507,150503010601,150503010602,150503010605,150503010806,150503010807,150503010902,150503010903,150503010904,150503010905,150503010906,150503010908,150503020102,150503020105,150503020203,150503020204,150503020206,150503020302,150503020303,150503020305,150503020306,150503020307,150503020308,150503030206,150503030607,150503040101,150503040103,150503040403,150503040404,150503040405,150601030402,150601030404,150601030601,150601030602,150601030603,150601030604,150601030606,150601030607,150601050205,150601050301,150601050303,150601050304,150601050306,150601050307,150601050309,150601050310,150601050402,150601050403,150601050405,150601050406,150601050407,150601050408,150601050409,150601060204,150601060305,150601060306,150601060307,150602010609,150602010703,150602010704,150602010705,150602010706,150602010707,150602010708,150602010709,150602010710,150602010804,150602010809,150602020101,150602020102,150602020105,150602020106,150602020107,150602020108,150602020305,150602020306,150602020309,150602020504,150602020505,150602020508,150602020510,150602020511,150602020609,150602020610,150602020613,150602020614,150602020615,150602020702,150602020703,150602020704,150602020705,150602020706,150602020707,150602030109,150602030110,150602030204,150602030206,150602030301,150602030303,150602030306,150602030601,150701010108,150701010109,150701010202,150701010205,150701010206,150701010207,150701010209,150701020205,150701020206,150701020207,150701020208,150701020403,150701020410,150701020504,150701020602,150701020604,150701020606,150701020803,150701020805,150701020806,150701020807,150701020809,150701020908,150701030101,150701030204,150701030308,150701030309,150701030311,150701030501,150701030507,150701040507,150701040508,150701040607,150701040608,150701040707,150701040708,150702010207,150702010406,150702010407,150702010410,150702010803,150702010804,150702011006,150702011105,150702011108,150702011301,150702011302,150702011303,150702011501,150702011502,150702011504,150702011505,150801020308,150801020310,150803010204,150803010205,150803010304,150803010305,150803010306,150803010307,150803010309,150803010310,150803010402,150803010406,150803010407,150803010408,150803010410,150803020104
1980,10.5,36.55,36.55,10.0,,,17.5,40.0,,,64.0,,,,43.5,42.0,80.0,,,50.0,21.0,43.0,25.0,55.0,55.0,44.6,,88.715,47.5,90.0,,20.0,,20.0,20.0,70.0,47.0,47.0,,,30.0,66.77,,,,47.0,,,,,14.0,14.0,,,51.0,79.0,,65.0,,135.0,,29.0,29.0,29.0,,12.0,,,,40.875,19.23,94.8,55.864999999999995,18.85,,,,,34.21,,,,,,,,,,,,,,,40.0,40.0,47.5,40.5,61.5,26.7,26.7,54.425,68.0,105.0,76.175,22.0,30.0,,,,40.0,,,,42.5,19.1075,13.1075,34.5,19.1075,9.0,,,,,,,,,82.0,82.0,50.0,,,56.9,58.7,85.0,30.0,80.0,14.75,,,,,,,,24.0,24.0,44.5,20.0,,20.0,20.0,,27.5,,,,,,,,,65.0,,,,,,,,,38.0,38.0,41.0,,,30.0,,,,,,,56.7,,,,,,,,0.0,0.0,26.0,26.0,,,,,,,60.0,60.0,60.0,43.0,51.5,,,,45.0,,,,,,,17.5,,,,,55.0,110.0,140.9,140.9,,140.9,,110.0,,,,,149.15,,,44.55,74.25,,,,,,42.5,,,,26.0,26.0,0.0,0.0,0.0,0.0,19.0,19.0,49.0,,23.0,40.0,30.645,20.0,,,,,,,,8.0,,,,0.0,21.5,,,,,,136.6,,,,,,35.5,30.0,104.1,30.0,58.0,88.5,,,,,,,12.0,80.0,,,0.0,,22.365000000000002,,0.0,16.5,18.0,,21.09,12.0,12.75,30.729999999999997,,20.0,18.5,68.0,,,,19.0,19.0,10.0,37.75,39.5,68.5,67.5,,50.0,7.0,36.5,,105.0,60.0,,37.5,61.0,110.0,,,0.0,7.5,,,39.3,39.3,,10.0,,,,85.0,20.0,39.5,,14.0,14.0,14.0,,,,90.0,,,,,,,,,94.5,,,,,,,,,51.0,,,,,,29.4
1981,,36.635000000000005,55.27,,,85.0,18.0,20.0,30.0,30.0,30.0,,,,90.0,100.0,112.5,33.92,33.92,33.92,,,,,,65.0,,,60.0,75.0,18.0,13.0,,13.0,13.0,90.0,,,,,,,,,,,,,22.0,23.0,,,,,62.0,97.0,97.0,84.0,97.0,135.0,42.0,40.75,41.5,33.5,,,,,,,40.1,,,,71.5,95.0,,,22.85,,,,,,,,,,,23.0,,23.0,,57.0,56.0,46.5,30.0,66.0,28.76,75.88,66.0,90.5,,85.75,67.5,13.0,55.0,52.0,26.0,35.0,37.5,60.0,,44.0,18.5,16.88,40.0,19.0,19.0,,12.0,36.66,,34.582499999999996,41.73,7.18,23.7,40.0,40.0,,,46.0,59.6,54.8,90.0,,,,,,,,,45.0,,70.0,87.5,45.0,,,46.0,12.3,,12.100000000000001,,,,,,,,,,70.0,21.0,55.0,58.5,41.95,50.225,32.8,31.349999999999998,49.525,42.5,45.0,,35.5,,20.0,70.8,,,33.0,24.0,,,63.0,,48.8,48.8,48.8,48.8,48.8,22.0,38.0,24.5,,10.5,47.5,81.25,,27.799999999999997,,,35.0,21.52,50.0,17.9,,,59.0,47.0,15.85,,17.4,17.049999999999997,,23.25,47.0,84.6,61.525,84.6,,79.1,143.0,143.3,97.25,143.0,97.25,79.1,123.15,,58.900000000000006,,160.7,23.1,48.925,32.5,46.6,84.945,113.6,,,40.75,72.0,,,,,57.5,,,,,50.0,,31.0,,64.5,19.0,32.7675,36.0,,,,,,10.0,19.0,2.5,19.0,12.0,,13.0,24.0,,,3.95,3.95,,30.0,3.95,,126.0,70.4,53.25,30.5,25.7,89.025,15.514999999999999,32.6,44.5,,50.0,20.0,150.0,89.0,77.0,0.0,39.0,,,21.5,,26.845,124.0,40.0,40.0,53.0,46.5,33.0,21.64,23.0,35.0,,22.38,20.98,60.0,,52.0,50.5,20.0,50.0,25.0,76.55,23.15,72.21,60.0,,0.0,30.0,40.0,60.0,,,,80.0,47.5,87.5,,,,57.5,35.0,35.0,47.15,65.9,,27.9,,,79.0,39.44,55.69,,54.32,11.0,11.0,11.0,28.0,54.0,0.0,,0.0,0.0,9.0,0.0,,14.0,,26.5,67.4,78.3,,,,,,,,,,60.0,0.0,0.0,0.0,29.7
1982,,54.55,54.55,,20.0,20.0,,,,,,,,,48.4,50.0,115.0,32.35,32.35,32.35,,,,,12.5,100.0,120.0,,85.0,93.75,14.0,14.5,,14.5,14.5,102.5,,,22.0,,,,,,,,,,,,,,,,,85.0,,85.0,85.0,132.0,48.0,35.5,40.0,32.5,,,,,7.5,,43.26,,,,37.61,,,,18.0,14.17,14.17,15.48,15.48,15.48,,,17.02,87.4,31.65,98.14,98.14,98.14,,,,,130.0,69.0,28.4,28.4,48.7,,,28.4,24.5,20.0,,47.0,68.75,47.75,45.0,,,38.625,44.0,38.0,38.0,24.0,38.0,,,37.6,,65.1,51.349999999999994,11.5,38.3,,,,,,63.8,64.4,,20.0,,,30.0,30.0,,,,,,56.0,67.5,28.5,33.0,,33.0,21.875,106.5,100.0,110.5,80.0,,,,,,105.0,74.75,110.92,75.0,25.0,25.0,,,,,64.6,75.0,,,,44.0,40.0,49.85,,16.0,16.0,24.6,56.4,11.0,,,,,,,,30.0,31.5,30.0,74.675,65.725,37.215,85.0,42.5,20.95,,6.91,41.900000000000006,18.04,13.77,25.1375,45.95,24.5,47.0,44.35,12.01,11.75,,14.3925,17.5,17.1,73.135,,29.849999999999998,,58.15,84.4,144.125,135.475,93.9,135.475,90.7,84.4,94.38,92.5,,,22.5,18.65,26.9,30.8,22.5,100.95,125.7,,,62.0,90.0,,,,,,32.25,24.25,23.5,16.5,12.75,,,,,64.75,32.895,0.0,,,,,,18.0,26.0,,26.0,4.5,,9.0,28.825000000000003,,,,,,0.0,,,,,,110.0,41.155,12.435,17.994999999999997,72.3,72.5,,68.0,,,7.0,,165.0,50.0,,,28.5,30.0,25.0,40.0,,46.0,,50.0,24.40625,12.82,11.54,34.355000000000004,21.5,21.72625,25.96,74.0,,,29.0,42.0,41.05,43.7,71.88,15.897499999999999,63.8,45.27,,,66.58,35.0,35.0,34.0,,,35.0,30.0,64.5,,,60.0,51.0,12.0,12.0,16.975,35.975,110.0,20.34,,,,46.0,70.0,19.28,61.4,8.0,8.0,8.0,35.0,23.0,15.0,,13.5,15.0,13.5,13.5,,,,,67.85,78.94999999999999,,,,,,,,55.0,,,51.5,48.0,48.0,29.2
1983,,,,,,,,76.0,20.0,20.0,20.0,,,,33.3,94.0,,35.4,35.4,55.2,,3.0,36.0,,,96.0,,,35.0,85.75,11.5,12.0,14.0,12.0,11.75,,,,,,,,,,,,18.0,,,,,25.0,158.0,158.0,,105.0,110.0,69.95,105.0,162.0,47.5,20.0,47.5,22.0,18.0,5.0,18.0,,9.0,,57.1,70.0,70.0,70.0,92.01,,,,60.0,68.11,12.11,15.28,15.28,15.28,,,5.11,87.6,22.285,,,,,,42.0,42.0,42.0,,25.7,25.7,25.7,69.0,69.0,69.0,0.29,,,,28.5,39.375,,,,29.35,22.25,17.5,,17.5,,,,37.4,,69.7,53.55,13.9,41.800000000000004,,,,,,64.2,64.2,,,82.6,,29.5,29.5,,,,44.0,,53.0,53.0,42.5,,,103.0,11.23,94.5,94.0,94.5,90.0,,,,,54.5,35.0,,,,20.0,20.0,29.6,29.6,18.45,29.75,29.9,39.0,39.0,,,,,,,,,24.5,56.7,,,,45.0,45.0,45.0,45.0,45.0,12.8,,29.25,,,,,,26.75,,,11.4,,7.0,11.4,,,60.0,155.0,,,,16.6,,23.6,0.0,,155.0,,,,126.25,117.95,,107.475,90.4,,,,64.0,,91.2,5.2,8.85,51.1,35.849999999999994,44.1,,,0.0,60.0,61.5,,,,20.0,20.0,,,,,,,50.0,,,39.0,27.505,6.0,0.0,22.0,19.5,19.5,,,,,,,,45.0,45.0,,,,,,,,,97.0,67.6,109.5,100.0,30.0,70.0,24.0,,109.5,,,,35.0,35.0,35.0,,43.5,,,,,35.0,,,33.0,17.0,,34.5,19.25,19.25,30.669999999999998,,33.0,17.0,22.0,,,56.0,,,11.0,,20.0,37.0,44.5,,,,,,0.0,5.0,,21.25,80.0,90.0,,,,19.5,100.0,100.0,60.005,20.01,,90.0,,,,,,,66.1,,,,,,22.0,,,15.0,18.5,14.0,14.0,13.0,,3.5,68.3,80.6,80.0,80.0,,55.75,11.5,11.5,,79.0,,,55.0,,55.0,29.0
1984,,38.9,40.15,25.0,,,,10.0,25.0,25.0,25.0,,,,31.2,,,34.12,34.12,34.12,,,,,,102.0,100.0,88.4,35.0,98.75,8.0,8.0,,8.0,,,,,55.0,,83.65,,,,,,,,,,18.0,109.0,84.1,84.1,,150.0,150.0,112.925,150.0,135.0,45.0,45.0,77.5,,,11.0,6.0,,10.5,,64.4,60.0,90.0,60.0,90.64,,,,63.08,48.46,48.46,16.0,16.0,16.0,,,,86.3,30.4,,17.1,17.1,17.1,,,42.0,57.0,,24.9,24.9,24.9,,,24.9,,41.0,57.5,36.0,36.0,48.45,37.0,,,32.0,15.1,15.1,,15.1,,,,37.7,,49.86,52.71,7.69,34.8525,60.0,60.0,,,,,,,41.0,74.2,40.0,,,16.05,,,,28.475,65.0,65.0,,50.0,,65.0,65.0,81.25,15.0,61.25,40.0,,,,,,,,100.0,26.0,,,59.95,24.9,61.7,26.65,46.325,31.0,48.0,,65.0,60.0,,,,8.0,,23.8,17.7,,,,40.1,40.1,40.1,40.1,40.1,13.0,,,,,,,,42.03,,,12.0,,,12.0,36.15,,36.15,29.0,,,22.0,16.0,,20.15,29.0,,29.0,,51.4,60.65,120.5,102.5,94.4,95.35,98.275,60.65,,,,,,,,12.2,12.2,57.65,98.5,31.9,39.099999999999994,,36.22,,,,28.0,28.0,,85.0,,,85.0,,36.0,,31.29,55.25,30.96,23.85,20.0,12.5,,,,,,,,,,43.85,16.3,,,1.1,1.1,,,1.1,,100.5,66.1,100.5,,35.0,80.0,19.04,,100.5,31.0,,,,,30.0,51.0,70.05,,95.0,52.5,87.0,37.0,30.0,50.0,47.0,54.0,54.0,38.0,17.5,22.0,29.81,,43.25,23.0,,,,40.0,32.400000000000006,41.2,44.125,,9.9,82.5,37.0,,18.0,,15.0,15.0,,,29.7,,24.0,,,,56.8,58.5,25.0,25.0,23.45,21.9,,40.05,14.0,2.5,,0.0,0.0,,58.2,,,48.0,,,,,,,,,,,10.0,10.5,64.4,79.80000000000001,,,,10.6,10.6,10.6,,53.7,48.4,,48.4,,,
1985,,60.0,60.0,10.0,,,111.0,10.0,,,,6.5,6.5,,33.0,33.0,,,,,,,,,,97.5,,,33.5,82.5,,10.0,,10.0,10.0,,,,,,128.0,,,,,,,11.0,,,,,,140.0,78.0,105.0,100.0,97.0,110.0,132.0,30.0,35.0,32.5,35.0,20.0,11.0,76.0,,8.25,27.4,34.405,19.85,,19.675,77.4,,,,40.0,10.85,10.85,15.64,15.64,15.64,,,,86.3,23.745,,22.7,22.7,22.7,,,,,,25.4,25.4,25.4,,,25.4,,,48.0,56.0,40.0,40.175,43.0,,,26.05,23.0,23.0,,20.85,,67.0,,38.555,67.0,62.0,55.0,6.035,45.11,,,,,,57.1,57.55,,,,24.0,,,17.3,10.2,10.2,10.2,17.3,65.75,65.75,20.0,,55.0,55.0,55.0,107.5,80.0,120.0,121.5,,,,,,,,65.0,65.0,,,26.5,26.5,18.5,28.25,45.0,,,31.0,,31.0,,33.0,,,,23.3,13.9,,,,37.2,37.2,37.2,37.2,37.2,30.0,,,,18.0,20.0,,,39.3,,,12.6,115.5,115.5,17.0,36.7,,36.7,,,,,,,61.95,,,,,,62.05,112.55000000000001,83.6,80.2,91.0,74.625,62.05,120.0,87.0,,,53.6575,5.4,17.725,72.0,20.4,53.86,66.8,0.0,,,,,,,30.0,30.0,,,,,,,101.0,,50.8,41.75,20.95,16.61,7.0,,,,10.0,12.0,11.5,10.0,11.5,,19.0,42.5,15.0,,,27.945,27.945,,,0.89,,99.7,66.0,94.85,,35.0,60.5,31.0,,94.85,,,,,,25.0,105.0,72.6,,97.0,48.5,59.0,43.0,64.0,,45.0,55.0,55.0,28.5,10.0,11.0,24.36,,27.0,10.0,95.0,,,,41.25,42.5,,81.0,24.0,,60.0,,82.0,28.0,,,47.75,13.0,42.5,30.0,36.0,70.5,36.0,,55.0,,,40.0,50.5,50.5,,,,,,60.0,60.0,,59.0,12.0,12.0,50.0,12.0,12.0,,0.0,,,0.0,,39.0,23.5,,22.75,72.0,79.2,25.0,25.0,75.0,9.0,9.0,9.0,,75.0,,,,,,30.7
1986,,55.0,55.0,,20.0,,,10.0,,,,,,33.5,23.0,,,32.6,32.6,32.6,,,,,,94.0,120.0,,51.25,63.0,,13.5,,13.5,13.5,97.5,,,,28.0,108.45,,,,,,,,,,,,,,,60.0,,65.13499999999999,60.0,140.0,30.5,30.0,30.5,31.0,17.0,12.25,17.0,,8.5,,48.0,,,,96.58500000000001,,60.0,,42.8275,13.555,13.555,15.72,15.72,25.54,,,,85.69999999999999,24.195,,17.66,17.66,17.66,,,10.0,38.5,,,,67.0,,,,10.307500000000001,,,,26.0,,29.5,,,27.5,,,,,,,,,,,,,,,,85.0,,92.0,58.0,61.0,,,,,,,20.5,10.2,5.1,10.2,20.5,95.0,90.25,,20.0,25.0,42.0,20.0,70.0,67.25,71.0,128.0,90.0,18.7,90.0,,54.7,,26.5,12.0,18.0,,0.0,24.799999999999997,24.7,28.2,25.674999999999997,41.45,83.5,29.0,42.5,,55.0,34.0,43.7,,,,,45.2,,,,37.9,37.9,37.9,37.9,37.9,14.1,,,,,22.0,45.0,,46.0,,12.0,12.9,18.2,,12.9,42.8,,42.8,,,,,,,36.0,80.0,,80.0,,51.0,38.3,98.27875,92.02499999999999,70.375,96.615,71.2,76.6,,0.0,,,35.95,11.1,11.05,31.475,43.0,55.5,103.7,0.0,0.0,,55.0,,,,66.0,,36.0,36.0,36.0,,65.0,,,,45.345,30.0,26.0,26.0,13.0,25.0,0.0,0.0,,13.0,11.0,8.5,11.0,0.0,,67.0,17.1,,,1.0,1.0,,,1.0,,99.2,97.7,109.6,20.0,25.25,76.0,43.79,20.0,80.6,,0.0,,,70.0,,,39.0,,,93.0,93.0,45.0,52.0,22.5,32.0,,22.5,34.5,31.0,45.0,25.165,17.0,32.0,31.0,150.0,,,46.725,26.5375,42.1,33.55,93.5,23.4,50.0,50.0,40.0,95.0,95.0,,,110.0,110.0,,36.0,19.5,50.0,,138.0,19.15,20.0,95.0,95.0,85.0,11.35,,52.6,,,,,,,57.0,,,,20.25,23.5,,,12.0,,12.0,13.0,,14.0,,13.0,74.695,81.05,40.0,,,15.16,15.16,15.16,,,,,,,,29.5
1987,,36.0,36.0,30.5,15.0,10.0,,31.5,12.0,12.0,12.0,27.5,17.0,20.0,55.65,90.0,70.0,35.4,35.4,35.4,,54.0,4.0,,,,,,22.5,80.0,,,15.0,,,119.0,,,,,129.0,,,,,,0.0,,,,38.0,38.0,105.79166666666666,,52.0,130.0,130.0,115.5,130.0,110.0,30.0,35.0,30.0,37.0,,15.0,,12.0,6.25,,47.4,65.0,65.0,65.0,,,,,,,30.0,,30.0,,,,,,,,,,,42.2,44.1,27.75,27.7,50.9,68.65,28.8,55.1,85.7,14.6,22.5,,17.8,63.0,55.0,63.0175,30.3,27.25,71.225,39.5,26.0,14.75,17.24,17.24,21.35,9.024999999999999,8.524999999999999,15.5,31.7,19.045,50.5225,30.2,19.0,42.2,75.3,75.3,75.5,99.25,65.75,72.0,57.575,97.75,32.8,,,,,22.2,9.5,9.5,9.5,22.2,60.5,60.5,43.5,40.0,158.8,59.8,24.0,83.0,79.0,50.5,67.0,5.0,9.0,,0.0,10.25,,70.2,89.25,48.5,5.0,5.0,,,,,,,,40.0,,40.0,40.0,,,,,,45.0,,,,,,,,,,,,58.125,11.065,9.0,89.0,26.1,15.95,17.3,7.2,25.2,69.5,100.0,17.4,45.7,23.86,28.9,28.5,13.299999999999999,8.32,13.0,13.0,,13.0,28.5,60.205,30.15,60.205,79.55,81.9,97.62625,91.4,85.75,94.755,79.35,100.95,161.66,93.0,42.6,,46.099999999999994,51.55,51.095,36.9,59.0,68.2675,126.2,,,10.0,62.5,,,,,,,52.0,,,,,,,36.9925,,25.0,25.0,,41.0,,,14.0,12.5,14.0,,14.0,22.0,0.0,23.0,13.0,,,1.57,1.57,,,1.57,,99.7,67.0,99.7,,,27.975,40.0,,69.85,,,,,,,22.0,73.0,,12.0,14.0,,25.5,20.0,93.0,30.0,49.0,60.0,40.0,29.0,29.0,24.465,55.0,27.0,28.0,103.0,,,13.0,40.65,42.0,12.0,19.0,10.0,31.25,58.5,73.75,57.0,60.0,,,27.75,30.0,,35.0,30.0,,,,53.0,,43.5,43.5,43.5,75.0,75.0,12.5,,,,0.0,0.0,19.0,60.6,16.0,16.0,68.0,,,,13.0,,,13.0,10.0,,100.0,,24.0,78.11,82.1825,,,,,,,97.5,47.0,60.0,,53.5,,60.0,29.9
1988,,65.0,,,29.0,28.0,,,2.0,2.0,2.0,,,,23.0,25.0,,,,,,39.0,39.0,,,70.0,,88.75,75.0,85.0,17.0,17.0,15.0,17.0,18.5,,,,,,129.2,,,,,,,30.0,,,37.0,37.0,83.47,115.4,63.8,98.0,88.0,78.5,98.0,140.0,35.0,38.0,38.0,41.0,21.5,18.5,20.0,,6.0,,46.5,,,,91.5,,,,35.215,15.96,15.96,7.6025,15.205,30.5,,,,89.06,24.509999999999998,,21.72,21.72,21.72,,,77.0,77.0,,25.55,25.55,25.55,,,25.55,26.25,,,,30.0,37.875,28.25,,,22.8,27.625,26.75,,18.25,,,,39.6,,71.55,64.675,8.4,56.875,,,,,,58.7,58.7,,,,12.5,,,,10.0,5.0,20.0,,77.5,82.0,,30.7,,30.7,27.1,106.0,106.0,44.0,,,,,,,,43.75,110.0,110.0,,,,,,,58.75,,,,,40.0,,53.8,,,,,48.3,,,,41.6,41.6,41.6,41.6,41.6,14.2,,,,,21.0,,,31.150000000000002,,,13.3,,,11.899999999999999,46.4,,46.4,,,,,11.1,,22.2,25.0,,,,,,95.6,0.0,55.0,49.75,17.5,94.0,,,80.0,,35.0,23.65,23.4,66.65,62.16,66.39,64.25,39.6,39.3,51.0,69.0,,,,18.0,18.0,0.0,11.0,15.0,30.0,15.0,12.5,18.0,,44.425,,24.9375,42.17,58.0,30.0,0.0,,17.0,19.0,16.0,7.5,16.0,,12.25,40.75,,,,1.2,1.2,,19.65,1.2,,99.4,66.8,99.4,,58.0,59.925,29.3,,99.4,,,,,,50.0,,66.0,,,105.0,,61.0,,,21.5,,,25.5,24.0,58.5,24.299999999999997,130.0,24.0,24.0,,0.0,93.0,93.0,43.2,43.2,,92.0,10.4,43.0,79.0,,,36.5,,,,,0.0,,45.0,,70.0,0.0,60.0,5.0,,,145.0,113.7,56.85,106.0,33.8,33.8,,,,,61.4,0.0,0.0,0.0,,,,,55.0,,55.0,44.5,31.0,31.0,,17.5,74.15,82.72,,,,,,,,,,,50.0,,50.0,30.7
1989,,59.0,59.0,,45.0,18.0,,,,,30.0,17.0,17.0,130.0,40.3,60.0,,,,,,,,,,48.0,7.0,,,86.75,15.0,16.5,,16.5,15.0,,10.0,,,,131.4,,,,,,,,,,,,89.2075,107.325,63.0,95.0,95.0,79.0,95.0,120.0,34.0,40.0,34.0,,,58.5,75.5,,8.0,19.0,41.75,,,,91.3,,32.5,,45.9,18.3,18.3,15.6,15.6,15.6,,,,88.6,24.700000000000003,,21.2,21.2,14.85,36.0,36.0,36.0,,,25.9,25.9,34.0,,,26.8,40.0,,,,38.0,33.7,40.0,,,38.45,15.715,15.715,77.0,31.5325,73.5,73.5,73.5,40.0,73.5,69.75,54.875,13.600000000000001,41.675,,,,90.0,,77.26,77.26,,,,,,,,24.6,24.6,9.2,,54.0,54.0,,,,60.0,60.0,102.5,129.0,76.0,90.0,90.0,,45.0,24.0,24.0,,,,10.0,,,25.5,25.5,,25.5,56.95,,,,,52.0,,56.6,,,,,51.6,,,,42.7,42.7,42.7,42.7,42.7,27.0,,,,7.65,,,,12.3,,,23.3,120.0,120.0,33.9,48.6,,48.6,,,,,12.3,,26.0,,,,,74.0,41.0,103.0275,77.85,63.900000000000006,61.0,76.0,41.0,,,,,73.69999999999999,,35.0,68.0,73.69999999999999,74.8,119.5,29.5,,,71.0,,,,,,41.0,12.0,12.0,,,,,,55.57,78.0,24.26,,,16.0,,50.0,17.0,16.5,17.0,0.0,17.0,80.0,80.0,57.0,52.5,,,2.3,2.3,,50.65,2.3,,101.0,66.8,101.0,,17.75,59.0,42.65,,101.0,,,,,,55.5,,37.5,,18.0,18.0,,,27.0,,28.5,38.0,38.0,22.0,18.0,18.0,24.26,74.0,22.0,26.0,100.0,,,59.45,43.7,43.8,43.9,33.0,32.15,50.0,55.0,24.0,,,,,170.0,170.0,44.0,95.0,20.0,,0.0,22.0,44.0,25.0,,,145.0,145.0,,75.0,32.4,32.4,,,,54.0,,,,,,74.0,,12.0,,,12.0,13.0,,,,11.0,85.1575,83.7,,,57.4,16.85,16.85,16.85,0.0,57.4,,78.5,,,,29.8
1990,,62.5,62.5,,,,,28.0,,,22.0,26.5,20.5,26.5,96.025,114.0,,29.6,29.6,29.6,,,,,,23.0,,89.1,12.5,83.25,,,,25.0,,72.0,13.9,13.9,96.0,,114.5,67.1,,,,25.1,,,,,30.0,30.0,,,50.0,96.0,96.0,90.0,101.25,120.42,37.5,35.0,37.5,40.5,10.0,17.0,13.5,15.0,12.0,,42.47,,,,92.6,,,,95.0,56.0,112.0,16.0,16.0,16.0,,,,93.9,,,28.35,28.35,28.35,,,,,,25.8,25.8,35.6,,,25.8,6.1,,75.0,38.0,45.0,37.705,47.0,,,42.0,27.7,27.7,,37.15,40.0,,,39.7,,75.7,57.7,13.0,44.35,10.0,10.0,31.0,,,65.02,65.02,115.0,,82.0,,18.6,18.6,38.3,10.5,5.25,10.5,38.3,84.25,68.25,53.0,15.82,157.8,21.38,16.560000000000002,53.0,43.8,87.44999999999999,126.3,121.0,15.49,121.0,,82.3,27.6,28.4,94.3125,54.7,67.65,54.3,31.9,30.1,27.439999999999998,27.744999999999997,52.0,52.0,47.35,,47.45,,,72.85,,,,18.0,42.625,37.865,24.5,18.75,48.55,48.55,48.55,48.4,45.7,42.0,,18.6,,7.2,22.0,22.0,15.0,33.199999999999996,,,13.3,65.75,125.0,12.45,47.1,,47.1,40.0,,,,11.6,,22.0,40.0,,40.0,,,43.855,132.0,95.24000000000001,110.975,114.265,87.85,43.855,,,,,84.535,19.0,19.0,61.837500000000006,78.55,78.225,120.065,,,,40.0,,,,,,0.0,0.0,8.0,0.0,,,75.0,,56.19,63.0,25.27,,,13.0,,,20.0,17.5,20.0,,20.0,17.0,90.0,56.5,20.0,,,4.8,4.8,,37.95,4.8,,101.7,68.1,101.7,,25.0,32.7,57.05,,101.4,0.0,,,,,0.0,0.0,73.3375,,,,,70.75,15.0,60.0,42.5,85.0,85.0,39.75,25.0,25.0,25.27,,23.0,19.0,120.0,,,43.0,29.0,42.75,43.0,57.25,57.25,68.0,75.0,,,,,,66.5,75.0,,73.75,43.0,,,0.0,0.0,25.0,34.0,34.0,34.0,30.0,30.0,,,,,,,57.25,,,,,,,,,,,16.0,5.0,,50.0,19.0,19.75,86.105,83.685,59.099999999999994,79.5,57.05,15.905,20.07,27.44,111.85,51.849999999999994,51.5,61.25,54.2,116.6,53.25,52.849999999999994
1991,,18.025,16.0,14.925,,,,24.0,,,,16.0,24.0,,,,48.0,,,,,,,,,75.9,,,12.0,70.0,16.5,16.5,,16.5,15.0,5.0,12.0,19.0,,,,,90.0,90.0,92.0,12.0,,,10.0,10.0,,,83.69999999999999,99.55,,97.5,90.0,86.8,105.0,120.5,35.0,35.0,35.0,,18.75,18.75,16.0,90.0,11.0,,,34.0,23.5,23.5,,,,,68.0,,,,65.0,,,,,,27.0,,,,,,,,,,,,,,,,,,54.0,24.5,24.5,38.0,34.0,,,32.0,,44.0,,,,,,,,,,,,,,,,107.0,,,,,,13.0,13.0,,29.6,22.715,22.715,22.715,29.6,50.0,57.5,,,79.0,79.0,79.0,,,56.0,,,,,,,,,,40.0,,20.0,43.0,20.25,,43.0,,,,,,,,,,,,,,,,,,,,,,,36.0,,,7.44,,,,55.8,,10.5,30.75,25.0,,30.75,46.9,,46.9,,,,,,,23.1,,,,,,89.9,113.25999999999999,126.275,89.62,113.25999999999999,103.75,89.9,,,166.0,166.0,38.75,21.09,13.774999999999999,77.59,38.75,40.2875,121.915,36.4,,,,,,,,,15.0,15.0,30.0,37.5,25.0,25.0,,,60.15,95.0,23.765,20.0,,,48.0,48.0,,17.0,,26.0,42.0,23.0,72.0,37.0,31.099999999999998,,,,,,,,,,,,,,62.725,41.1,45.6,,,,23.0,,,,,93.0,,,,,51.4,,,,,61.0,38.5,,,25.064999999999998,8.0,38.5,,,,,44.2,35.7,40.0,55.949999999999996,90.0,14.100000000000001,28.25,14.125,,,,,,34.55,40.7,57.1,20.0,27.5,85.8,75.0,,27.05,32.0,92.0,92.0,,75.6,42.3,20.549999999999997,42.05,42.05,196.0,161.5,108.5,,,,,,,,,7.0,,7.0,,,,,,50.5,84.8675,82.805,,,66.0,,,,105.0,66.0,,,,,,
1992,,66.0,66.0,,,,,140.0,2.0,10.5,22.0,15.5,15.5,,80.0,80.0,,,,,,30.0,17.0,7.0,,76.1,0.0,,18.0,85.0,15.0,15.0,15.0,15.0,15.0,,0.0,0.0,55.0,30.0,,,92.0,92.0,88.0,0.0,,,10.5,10.0,,,85.2,99.25,,100.0,100.0,77.5,97.5,123.4,40.0,51.5,51.5,63.0,20.0,22.0,18.0,15.7,8.5,,,,,,,,,,50.0,,,,,,,,,,26.4,,,,,,,,,,23.4,23.4,29.705,47.5,47.5,35.45,30.0,,46.0,,60.0,43.0,,,50.0,40.925,18.1,18.1,,39.0,,34.0,34.0,39.1,34.0,34.75,36.55,14.3,14.3,60.0,,,,,66.7,28.635,96.0,,82.7,,16.81,16.81,13.8,22.3,22.3,22.3,13.8,,,0.0,,,,95.0,102.5,102.5,78.0,,,,,,,9.0,,,,81.6,81.6,25.0,25.0,,25.0,75.7,,,,,,50.0,58.8,,,,,44.9,,,86.75,49.75,49.75,49.75,49.75,49.75,14.6,28.0,22.405,,,,,,51.6,,8.0,21.15,,,21.15,46.9,,46.9,40.0,,,,,,22.35,40.0,,,,,,97.79,,112.0,105.015,135.25,78.0,,,,,34.175,,,,34.175,38.58,,34.1,,,,,,,24.0,24.0,,0.0,,14.0,,10.0,45.0,,67.3,56.0,24.4,,,52.0,,38.0,12.0,12.0,12.0,,12.0,77.5,35.0,41.0,44.0,77.0,12.0,4.75,4.8,6.449999999999999,18.625,4.8,181.8,51.2,49.800000000000004,12.2,,12.0,19.95,46.2,,66.2,,30.0,,21.0,,,50.0,53.75,,,22.0,22.0,76.0,23.5,,35.0,,,45.0,50.0,50.0,24.4,,40.75,30.0,,,,42.2,39.8,84.0,42.2,,10.95,85.0,97.5,17.0,,,,,45.0,45.0,,,52.0,,100.0,,60.0,20.0,97.0,97.0,,,,,55.7,55.7,,,,,60.15,,,17.0,27.2,29.5,32.6,25.1,16.15,35.5,20.9,14.0,12.8,13.1,12.35,11.9,100.57,83.23,,,,17.52,17.52,17.52,,,,,,,,29.0
1993,,60.0,,,,,,7.5,19.0,19.0,43.25,9.0,7.5,5.0,,,,,,,,60.5,60.5,,,53.345,,,65.0,77.5,21.5,21.5,,21.5,21.5,,,,100.0,,60.0,,103.0,103.0,,,9.0,9.0,,,56.0,56.0,85.725,92.775,76.245,100.0,,81.5,100.0,136.2,53.0,59.0,65.0,58.0,18.0,16.5,12.0,,9.5,,,,,,40.0,20.0,20.0,20.0,35.0,,,,30.0,,,,,,26.3,,13.4,13.4,13.4,,58.0,58.0,11.5,,23.35,23.35,26.75,75.0,,24.9,,,,,,41.724999999999994,,,,39.0,27.2,16.0,16.0,16.0,16.0,16.0,,38.900000000000006,16.0,58.6,51.0,4.6,36.4,,,,97.3,7.0,78.125,64.55,97.3,,25.799999999999997,40.75,10.6,10.6,13.2,12.2,12.2,12.2,13.2,44.0,44.0,60.0,70.0,,8.0,8.0,86.0,68.5,45.0,57.0,84.0,,,,,0.0,,,40.0,79.2,79.2,25.2,25.2,27.92,26.560000000000002,51.61,,55.0,,55.0,,,43.1,,,40.0,,26.7,22.0,2.0,,40.415,40.415,40.415,40.415,33.332499999999996,12.325,19.5,17.2,,6.9,,,,26.64,,,42.7,14.0,,43.695,44.2,,44.2,34.5,,,,12.08,,24.95,32.25,,34.5,,,59.85,108.0,69.4,82.0,82.0,18.0,59.85,,,,,13.5,16.02,12.39,49.6,13.5,14.19,57.36,38.1,48.3,68.0,64.5,,,,,,17.5,21.0,21.0,8.0,,,,,28.25,67.25,20.75,,,,,,,8.0,,,,13.0,30.0,40.0,0.0,,,,,,,,,145.0,,145.0,,11.5,52.0,48.5,17.7,145.0,,,,17.0,17.0,17.0,0.0,51.0,,,67.0,,90.0,,,47.0,,,60.0,,,20.75,,16.5,12.5,,,,33.5,46.2,39.65,41.4,75.35,30.35,20.2,35.1,,,50.0,70.0,70.0,,,,13.0,20.0,,,32.0,38.0,16.0,,45.0,,,,81.0,57.6,57.6,,,,50.7,,15.4,15.4,15.4,28.6,28.6,,,,,,,34.0,17.0,,12.75,99.89,83.47,,,95.0,14.01,14.01,14.01,117.0,48.5,39.0,,48.5,,,28.85
1994,,58.9,57.8,42.5,,34.0,,20.5,,,,,0.0,6.0,19.025,35.0,60.0,28.1,28.1,28.1,,,0.0,21.0,25.0,72.0,,89.15,,98.0,15.0,15.0,18.0,15.0,,,,,87.5,,131.5,0.0,,,,,,0.0,,,,,85.8,100.1,,98.5,95.0,93.675,98.5,125.5,43.0,43.0,43.0,,22.0,14.0,18.0,12.0,8.75,,64.2,89.0,89.0,89.0,87.5,,,,65.9,131.8,131.8,16.5,16.5,16.5,,,,87.1,26.400000000000002,,17.4,17.4,17.4,,,38.0,38.0,,26.6,26.6,34.1,57.0,57.0,41.8,63.0,,17.0,19.25,32.75,42.7,54.5,,,43.05,9.5,6.5,6.5,9.5,6.5,20.0,20.0,40.7,20.0,48.85,40.7,4.8,34.875,,,21.4,97.25,110.0,95.0,80.0,97.25,,64.2,,59.0,34.4,15.2,10.6,15.0,10.6,15.2,69.0,71.375,60.3,25.0,,37.0,25.0,99.0,99.0,63.75,21.2,27.26,13.309999999999999,,68.0,68.0,,,,,88.9,88.9,41.75,41.75,30.515,36.1325,42.2325,,,60.4,,60.4,70.0,59.65,,32.4,32.4,15.975,46.8,,18.15,20.5,47.8,47.8,47.8,43.7,49.25,46.0,20.0,34.5,,7.3,,62.5,20.0,,,,,90.0,147.0,100.0,,,,,,,,,,,,,,145.0,,69.66499999999999,92.105,84.0,44.0,88.05250000000001,95.0,69.66499999999999,105.0,,,,38.959999999999994,14.51,38.0,28.2925,38.959999999999994,47.0325,111.0,31.0,45.2,,91.0,,,,,,40.0,56.0,35.5,,,,,,0.0,36.0,63.65,101.0,,,,19.0,,14.0,,,,19.5,52.0,27.0,0.0,,,3.4,3.4,,,3.4,,99.9,64.4,99.9,,8.5,56.0,51.775000000000006,45.2,99.9,,,,3.0,,,73.2,47.5,,,,,22.4,25.0,,123.5,43.0,43.0,25.5,12.0,12.0,24.65,,21.25,13.0,,20.0,168.0,40.0,24.05,48.1,13.0,74.5,,71.57499999999999,16.125,60.0,,36.25,17.5,17.5,37.0,37.0,,,40.0,,,,62.0,85.0,107.5,107.5,107.5,,,,57.35,57.35,,,0.0,,,,,,33.5,33.5,,40.0,,6.0,57.5,,23.0,12.75,12.5,10.0,101.95,,,,,,,,,,80.0,,59.5,39.0,39.0,
1995,,69.0,69.5,70.0,10.0,10.0,21.0,,,,,10.0,10.0,,85.0,,121.0,28.01,28.01,28.01,,9.0,22.0,23.0,23.0,67.9125,,89.1,43.0,85.0,25.0,21.5,,23.0,18.0,,6.0,6.0,,,131.9,66.3,100.25,99.0,100.0,6.0,,,,,,,86.9,82.9,,97.5,100.0,93.225,97.5,,45.0,51.5,51.5,58.0,25.0,25.0,25.0,,7.5,26.6,61.775,18.625,16.9,18.25,86.8,,,,74.7,126.75,128.5,17.0,17.0,17.0,,70.0,70.0,85.4,25.85,,14.399999999999999,14.399999999999999,14.399999999999999,,,,,,24.8,24.8,29.450000000000003,,,74.4,,24.0,45.0,16.5,37.0,27.0,52.5,,,41.0,19.2,19.2,,26.95,23.0,,,41.4,,69.15,63.425,4.5,54.2,,,,98.0,,96.8,78.4,98.0,24.0,73.2,12.0,43.6,43.6,15.3,10.4,26.2,10.4,15.3,46.75,44.0,,,38.0,56.5,38.0,140.0,,45.5,14.44,16.865,11.5625,,66.89,66.89,,,14.0,14.0,90.2,90.2,20.4,20.4,,40.8,13.5,,,,,,,49.8,,,,27.5,42.3,60.0,,,45.5,45.5,45.5,45.5,45.5,14.4,,17.2,,7.2,,,21.9,13.5,15.8,12.850000000000001,39.2,20.0,16.6,23.75,35.025,24.3,41.75,36.0,8.4,8.3,9.5,12.5,15.3,17.45,35.85,49.85,19.95,86.2,49.9,60.4,95.87,116.46,83.45,95.55000000000001,115.65,74.95,,,31.55,,13.875,39.9,39.9,27.85,15.1,48.515,100.275,28.2,,34.15,35.8,,,,17.0,17.0,30.0,30.0,11.0,11.0,9.75,8.5,,,95.0,70.0,25.1,45.0,50.5,,,60.0,14.0,17.0,14.0,,14.0,18.75,27.5,45.0,13.0,,,,,,,,,,,,30.0,10.75,75.0,57.05,33.8,60.0,54.5,,27.0,,,,,70.0,,,125.0,,20.0,130.0,,37.0,,,23.5,27.0,31.0,25.1,34.0,29.25,35.0,,15.0,,46.9,53.6,44.525,44.45,,85.0,64.2,67.5,0.0,,65.0,35.0,35.0,,,,14.0,65.0,,,,35.0,,,,51.5,51.5,,,39.2,39.2,,,0.0,85.0,,,,,,12.0,,8.0,70.0,,39.0,70.0,30.0,30.0,,,103.97999999999999,,,,,,,,119.5,61.0,61.0,,61.0,0.0,,29.0
1996,,43.0,43.0,43.0,120.0,,,35.0,,,51.0,37.5,37.5,25.0,,,8.0,,,,,,,23.5,23.5,76.0,,,,145.0,,,18.0,,,,,,,6.0,67.8,0.0,,,,,8.0,9.25,13.5,13.5,5.0,5.0,95.65,117.3,74.0,92.5,90.0,74.0,90.0,129.35,,,,,,9.0,12.0,4.0,10.0,,52.1,,,,98.0,,,,,,,,,,,,,,,,,,,,26.0,26.0,26.0,,24.9,24.9,27.549999999999997,59.0,59.0,56.0,51.0,,,47.5,47.5,43.45,,0.0,,40.0,14.0,14.0,14.0,14.0,62.1,62.1,0.0,20.4,46.1,83.65,64.0,7.6,66.3,,,,98.3,,,,98.3,,79.0,16.025,13.05,17.6,15.9,0.0,0.0,0.0,15.9,105.0,75.0,,,,,85.0,,85.0,45.0,29.85,6.26,6.26,,66.0475,66.0475,8.0,8.0,114.0,76.0,93.1,93.1,26.1,26.1,32.3,29.2,56.55,,,126.0,,126.0,120.0,63.6,,,,42.15,36.8,32.4,18.6,42.0,49.9,49.9,49.9,56.099999999999994,49.9,15.75,18.45,17.6,,7.1,32.0,32.0,32.0,19.6,,8.3,65.9,13.0,21.1,19.5,44.2,25.14,34.67,24.634999999999998,12.15,4.9,12.35,6.65,19.0,15.85,24.13,,24.13,,,,94.5,132.075,135.0,90.0,99.63,,,,,,77.11500000000001,57.72,53.56,80.0,78.0,67.6075,150.98,26.8,,,15.0,,,,18.0,18.0,,60.75,99.0,0.0,80.0,80.0,82.5,,56.75,45.5,27.75,,,,0.0,22.0,14.0,14.0,14.0,,14.0,25.0,38.0,38.0,,,,,,52.0,52.0,52.0,,41.5,,,,6.25,0.0,60.5,100.0,85.0,,,,,,50.0,135.0,83.0,,102.5,80.0,,80.0,,60.0,45.0,35.0,45.0,35.75,0.0,0.0,33.05,,33.25,55.0,,5.0,,47.25,62.0,63.5,47.25,97.5,,,96.25,18.0,95.0,65.0,,,80.0,80.0,0.0,,,,0.0,0.0,0.0,15.5,,,29.0,29.0,,90.0,26.3,26.3,,0.0,100.0,,,14.7,13.8,16.1,42.125,,,,10.0,,10.0,10.0,30.0,25.5,,6.0,104.7,,,,,,,,70.0,51.0,64.5,,58.5,24.5,57.5,29.7
1997,,,,,42.5,55.0,55.0,,,,27.0,,,,,,45.0,,,,29.5,29.0,29.0,,,58.05,,,,83.0,,,,,,,,,,4.0,,110.0,,,,,6.5,6.5,,,,,90.975,101.8,,94.75,98.0,86.5,94.75,,45.5,45.5,45.5,,19.0,12.0,12.0,12.0,11.0,,53.7,25.0,25.0,25.0,85.0,,,,30.0,,,,,,,,,,,61.35,21.9,21.9,19.925,11.5,23.0,23.0,,,,103.0,,,,,,12.0,60.0,55.75,43.5,,39.0,,,42.0,0.0,0.0,0.0,0.0,,,,,,,,,,68.85,68.85,138.3,104.1,48.45,88.75,62.45,102.21000000000001,,,,,,16.95,22.495,22.495,22.495,22.2,,,,,,,85.0,99.5,110.0,99.0,29.805,6.42,6.42,,66.25,66.25,,12.0,,,,50.0,,50.0,,,,,,,,,,,5.24,5.24,,,50.7,,,25.0,,,,,,,,,,6.38,,,11.0,28.575,,10.424999999999999,55.55,,27.1,30.0,48.3,27.34,37.82,26.65,16.1,15.174999999999999,13.83,19.85,22.6,21.1325,24.28,,25.96,,,75.745,95.595,105.0,105.0,94.095,105.92,75.745,,,,,69.95625000000001,37.58,19.795,50.45,63.331250000000004,67.45750000000001,118.28999999999999,24.65,,,110.0,,,156.0,40.0,40.0,,,,22.0,15.0,14.0,50.0,,34.0,75.0,29.35,,,,0.0,0.0,,15.0,,16.0,16.0,,70.5,44.2,40.0,,,,0.0,15.0,37.5,15.0,,20.0,,0.0,,2.5,10.6,55.0,,,,,60.0,,,92.0,30.0,45.0,,55.0,90.0,45.0,45.0,22.5,70.0,30.0,75.0,72.5,37.5,15.0,15.0,29.35,34.0,24.0,15.0,,19.0,60.9,30.9,27.5,46.8,20.775,90.45,18.35,50.0,90.15,0.0,,76.0,25.0,25.0,31.7,,55.5,,,,,,26.725,,,110.0,,33.25,33.25,18.65,25.5,25.5,184.3,184.3,125.0,36.5,,,,19.9,,,,,,,,,,,20.0,20.0,106.2,,,,,,,,,41.0,56.5,50.0,56.5,,72.0,
1998,26.0,,,,,,,15.0,23.5,23.5,23.5,,15.0,18.0,41.5,80.0,35.0,,,,,,,28.0,28.0,73.19999999999999,,,60.0,78.5,20.0,20.0,18.0,20.0,20.0,5.0,50.0,50.0,,,,100.0,,,,50.0,,,31.0,31.0,,18.5,96.92,117.0,71.0,98.0,101.0,82.5,98.0,132.0,42.0,44.0,42.0,,,84.0,,,11.0,,,,,,82.5,,19.0,,,,,,,,,,,,,101.0,61.3,61.3,21.6,,,15.0,29.0,72.0,91.0,,69.5,57.5,,69.0,39.0,58.0,35.0,,51.5,22.5,32.0,,28.0,26.0,60.0,,,44.0,,,,,,60.0,60.0,,60.0,59.0,54.0,,99.815,,,32.0,99.815,58.0,,,,,,10.8,10.8,10.8,57.2,72.5,72.5,,36.8,160.2,60.725,72.5,,39.2,126.5,94.89,17.855,5.93,,66.52000000000001,66.45,,30.0,85.0,80.5,,,60.0,60.0,46.0,48.5,46.0,,44.0,,44.0,,,,5.47,5.47,30.0,,,,,,,,,,90.0,90.0,,,,,,,,25.25,22.6,8.8,37.644999999999996,16.3,20.4,20.6,47.8,,47.8,39.400000000000006,,16.275,14.3,18.549999999999997,22.2,21.9,22.2,,39.400000000000006,,,79.48,101.695,142.29500000000002,90.0,107.47,100.72749999999999,84.24000000000001,,42.0,,,44.9,25.0,25.0,62.9025,52.644999999999996,73.09,134.73000000000002,32.2,50.6,,,,,,,82.5,20.0,53.25,27.5,24.0,25.0,15.0,67.5,,,36.5,29.58,,,,6.0,6.0,10.0,12.0,10.0,,10.0,,55.0,75.0,,,,,,17.0,14.0,20.0,,18.5,,,83.0,22.75,50.93,53.32,,,,,,,,,74.5,110.0,,80.0,87.5,37.0,66.5,10.0,,32.5,53.0,53.0,53.0,,,29.58,10.0,23.5,,,,,60.0,,55.95,38.45,80.0,,55.0,53.425,,30.0,,40.0,11.0,,,,50.0,49.0,,,,71.0,,1.0,1.0,1.0,,,85.0,34.0,34.0,150.0,,103.75,,71.5,25.3,,25.3,,,,,,,,7.0,5.0,5.0,,84.0,106.59,,94.325,94.325,55.9,,,52.7,139.15,47.8,47.8,,49.8,90.9,53.65,29.3
1999,23.75,,,,91.0,58.0,42.75,8.0,22.5,22.5,59.0,14.0,11.0,102.5,57.0,57.0,90.0,,,,11.0,11.0,,15.0,8.0,77.2,,,54.5,85.0,20.0,20.0,,20.0,20.0,,,,,32.5,,150.0,,,,,,7.0,,,,,87.7,116.7,55.0,,,57.0,,91.0,47.5,65.0,50.0,80.0,,,31.5,,5.0,,,40.0,45.0,40.0,,,85.0,,60.0,,14.0,,14.0,,,,,,,100.8,61.15,61.15,21.5,58.0,,58.0,54.0,,,,,40.5,14.0,40.5,,,60.0,42.5,44.0,30.0,37.0,,,40.0,37.5,,,37.5,,,,,,,,,,,,33.6,100.77,,71.5,65.75,100.77,,,,,,17.3,27.9,21.95,27.9,41.9,89.5,89.5,65.45,31.8,159.3,67.0,85.0,102.0,49.575,126.5,29.65,5.8,5.8,121.0,66.57,66.57,,,,70.0,88.4,88.4,38.5,38.5,31.05,35.0,43.65,,62.0,,62.0,40.0,,66.4,6.05,6.05,,,,,,,,,,,,,,,,6.04,,,,22.9,26.55,26.55,26.8,,21.2,22.9,48.9,,48.9,40.599999999999994,11.95,16.799999999999997,14.1,19.2,24.05,24.05,28.325,,40.599999999999994,,61.5,,98.66499999999999,146.0275,113.4075,98.21,115.9,132.0,,,93.0,,43.195,27.71,15.52,94.55,43.195,52.3575,118.19999999999999,20.0,,62.0,62.0,,,,80.0,,,,,,,,68.5,,53.5,68.5,40.215,35.0,35.0,,,,,29.0,,,,,30.75,70.0,36.0,76.13,,29.835,47.5,50.0,50.0,50.0,,60.0,49.045,12.3,,14.0,26.59,44.947500000000005,44.4,102.4,,,,18.0,,,40.0,55.0,,,82.5,82.5,51.0,15.0,,31.25,,,37.5,24.0,24.0,48.0,23.5,38.75,31.0,,18.0,,44.35,,44.35,47.7,85.0,60.0,93.6,54.25,70.0,40.0,60.0,34.0,20.5,100.0,,63.5,70.0,41.0,,,,110.0,,,,,,,105.0,32.6,32.6,,85.0,85.0,60.0,,18.0,18.0,18.0,,,,,,,,,,,,,107.94,,,,,11.2,,,,42.5,40.0,,42.5,,,29.0
2000,26.0,70.0,,,63.0,63.0,52.5,46.0,,,,26.0,26.0,47.5,153.0,153.0,,7.0,,,12.0,13.0,44.25,11.0,11.0,89.45,12.5,,40.0,,20.0,18.75,20.0,18.75,17.5,,,,,28.0,,93.0,,,,,,75.0,,,,,84.25,100.7,76.0,89.5,,69.925,96.0,137.1,48.5,50.0,48.5,,16.0,12.0,12.0,,6.0,98.75,,65.0,65.0,65.0,30.5,,,,26.5,,,,,,,,,,,101.3,61.599999999999994,61.599999999999994,21.9,,,,,,,,,,,20.0,76.5,37.0,,,56.0,38.5,70.0,,45.0,37.0,34.0,34.0,69.0,36.0,44.5,,62.0,,62.0,,,,,,,,101.72,,,51.0,101.72,37.0,,,21.0,21.0,,9.5,9.5,9.5,,40.0,46.75,50.0,,,99.0,99.5,110.0,100.0,70.0,28.95,5.17,5.18,,66.56,66.56,,49.0,,,,,,,28.7,30.85,30.0,,,,,,,41.8,6.05,6.05,,,55.0,54.0,,,,,,,,14.7,,21.0,,5.19,0.0,0.0,10.65,18.7,17.825000000000003,17.825000000000003,18.5825,24.0,22.4,17.54,47.1,,48.1,40.775000000000006,11.5125,17.9,11.45,17.7,30.1,18.65,35.900000000000006,,41.7,,,84.19,90.5,122.85,90.0,90.25,88.75,98.945,,,56.6,,38.25,57.2,41.45,34.8,38.25,59.07,141.6,37.1,60.0,85.0,,150.7,150.7,150.7,,5.0,,,,,43.0,43.0,140.0,,49.25,52.5,43.4,45.0,45.0,,,,14.0,17.0,14.0,,14.0,,20.5,75.0,50.0,,,,90.0,,74.9,,,104.6,,104.6,25.0,10.5,12.2,42.4975,25.0,104.6,,,23.0,57.5,57.5,57.5,,115.0,,98.0,30.0,30.0,26.0,23.5,,46.0,23.0,23.0,24.5,,,43.4,151.0,20.5,30.0,,,65.0,50.0,35.0,50.0,46.15,81.25,45.0,36.8,50.3,79.5,49.0,34.0,,7.0,20.0,25.0,,66.25,80.0,50.0,,0.0,26.0,33.0,7.0,16.25,7.0,,,85.0,29.0,29.0,115.0,81.5,97.5,45.0,,,,,,,,,,,,,,,12.0,12.5,110.31,,,,,,,,,,,,,,,29.3
2001,,67.5,52.0,52.0,,,20.0,9.5,6.0,6.0,27.0,,9.5,26.0,,,120.0,,,,11.5,11.5,,14.0,49.5,91.2,121.0,,37.0,,15.0,15.0,,15.0,,,,,68.0,,136.1,,,,,,8.0,8.0,7.0,7.0,,,83.65,100.65,51.0,,,67.25,,,45.0,45.0,45.0,,31.5,31.5,31.5,12.0,8.5,145.0,,,30.0,30.0,,,,,,,,,,,,,,,,101.5,61.75,61.75,22.0,28.0,28.0,93.0,69.5,70.0,25.8,25.8,66.5,,,25.8,12.0,50.5,26.25,26.25,42.0,41.3,55.0,57.0,,36.0,,,,35.55,,,,40.3,,75.6,57.949999999999996,18.4,47.0,75.0,75.0,,102.315,,70.99,70.99,102.315,50.5,84.8,,22.7,22.7,,,,,,38.0,50.0,,31.7,61.5,43.7,71.65,121.85,62.45,129.2,130.0,45.9325,16.915,120.65,66.66,66.66,67.25,35.1,40.0,40.0,61.5,68.2,45.5,46.75,31.18,36.33,41.474999999999994,45.45,44.65,46.3,56.86,,,,4.05,4.05,,,61.55,62.5,40.0,,39.345,39.345,39.345,39.345,39.345,16.6,35.0,27.6,,6.42,9.35,9.35,9.35,12.0,9.3,9.3,9.3,,12.0,9.35,,20.5,20.5,20.5,,14.735,,13.3675,20.0,20.0,20.0,,,,110.0,81.80000000000001,99.15,124.7,120.1,106.075,123.9,81.80000000000001,,,,,31.6,18.0,13.6,61.775000000000006,41.85,99.95,155.7,38.6,,,,,,,,,35.0,97.5,110.0,15.0,60.5,,,,38.75,,38.925,,,25.0,,,,,,,,,15.0,62.0,26.25,,,3.12,3.12,,68.85,3.12,,103.2,66.5,103.2,,15.5,12.4,52.4,49.3,103.2,,154.0,,,,,50.4,92.5,28.3,28.3,32.0,32.0,53.5,,,25.0,37.7,,40.625,43.0,50.0,38.925,65.0,52.5,43.0,,,,,,,50.0,92.5,,59.875,49.875,,55.0,,10.0,15.5,,,,25.0,25.0,,,,62.0,,25.0,25.0,23.0,21.0,,87.0,24.0,24.0,100.0,92.5,102.5,,,,,,,14.5,70.0,,,,70.0,,,,,,109.22,,,,56.0,23.0,23.0,23.0,,56.0,,31.6,60.0,60.0,60.0,
2002,22.0,55.0,54.0,54.0,40.0,,,,,,78.0,,,,51.0,,31.75,,,,10.0,10.0,17.5,5.5,,85.19,78.0,91.5,,,,,,10.0,,,,,,,,,,,,,,75.0,17.0,17.0,,,,,59.5,95.0,95.0,70.5,95.0,128.0,,,,,37.0,37.0,37.0,13.06,10.0,,,,,,,,,,,,,,,,,,,106.0,,,,,,34.0,34.0,22.0,10.0,,,,,,,,,,66.0,88.0,73.0,23.0,58.0,,37.75,23.5,,,,33.5,,,,,,,,20.0,,,,,103.0,,,,103.0,,86.4,,,,,25.025000000000002,25.025000000000002,25.025000000000002,,88.5,78.5,50.0,,,75.0,70.0,89.0,97.5,79.5,,1.92,1.92,,67.07,67.07,9.0,,,65.0,88.5,88.5,32.4,32.4,,32.4,37.15,37.15,36.99,,,,,23.0,15.475,15.475,,,,,12.0,,44.0,44.0,44.0,44.0,44.0,17.6,47.0,47.0,,10.565,27.0,,,17.5,25.945,25.945,30.6125,,18.5,15.3675,,20.16,20.16,20.16,,14.87,,16.05,22.845,22.845,22.845,,,,,,89.9,,90.0,89.95,133.8,,,,,,63.545,30.5,22.6,105.0,68.0,67.89,139.0,,,,32.0,150.7,150.7,150.7,52.0,5.0,40.0,63.0,36.0,,,,,,36.0,16.0,40.99,,,18.0,,26.0,,,,,,,72.6,40.0,30.5,,,4.92,36.160000000000004,,,4.92,,104.1,69.1,104.1,,7.0,14.535,55.9,,87.05,,149.3,41.45,15.0,,11.0,53.15,73.15,15.0,15.0,26.5,,32.5,,,55.6,48.85,55.0,37.45,,,40.99,,30.0,28.0,,,66.8,66.8,36.95,60.795,16.0,72.5,17.345,15.0,,,,45.0,,,,,62.0,,81.195,127.4,,,60.0,40.0,,,,93.6425,93.6425,83.25,,,97.5,,97.5,25.0,,,,,,,15.0,,15.0,15.0,15.0,15.0,20.0,30.0,,,110.71,,,,,,,,,,,,200.0,,200.0,29.95
2003,17.0,,,,,,,30.0,14.0,14.0,95.0,,30.0,40.0,,32.25,,,,,12.0,12.0,,,,85.82499999999999,136.0,,,22.0,18.0,18.0,,18.0,,,,,,,40.0,45.0,,,,,,,,,5.0,5.0,,,61.0,74.0,74.0,67.0,,,42.0,42.0,42.0,,24.0,13.0,18.5,13.18,10.0,31.0,79.0,,,,,38.099999999999994,38.099999999999994,36.9,39.9,58.45,31.9,,,39.9,62.0,68.875,52.875,,,,,,,,,,,,28.295,28.295,35.7975,,,28.295,,24.0,46.0,,46.0,53.15,49.0,,,51.625,32.5,,,40.0,,,,42.8,,65.295,57.0,21.0,57.0,41.0,81.0,,103.945,,72.8,72.8,103.945,24.0,86.6,,27.86,25.72,,,,,87.6,44.0,44.0,38.5,,,,90.0,120.0,120.0,54.0,50.815,11.024999999999999,5.0575,93.05,67.36500000000001,67.23,,,,43.5,88.4,88.4,43.55,43.55,35.9,40.0,58.425,,,,,42.0,30.0,,38.975,7.95,,,62.35,,,,48.5,48.5,48.5,48.5,48.5,17.3,,25.72,,,,,,28.015,,,63.5,28.5,28.015,24.075,49.65,20.47,35.06,53.4175,17.02,16.27,,24.3,27.2,27.2,55.325,,64.55,,,103.95,95.6,138.02499999999998,127.4,100.0,132.27499999999998,107.7,,,,,97.91,39.2,31.35,79.15,90.0,86.285,135.075,54.75,,,92.8,150.64999999999998,150.64999999999998,150.64999999999998,,,50.0,50.0,50.0,50.0,,,60.0,,38.0,,43.65,,,,39.0,39.0,,70.0,,,,31.25,75.25,54.0,37.3,,,,75.0,,54.9,32.0,,67.35,68.5,104.7,,31.0,14.35,48.0,50.5,76.35,13.6,149.1,52.9,,,,63.35,106.475,27.54,27.54,38.0,,,43.5,,34.5,43.55,,30.5,,,43.65,,31.0,37.9,,61.0,,46.075,48.0,52.4225,18.325,68.75,28.65,35.05,40.7,60.0,,,35.0,35.0,39.195,34.385,,,,,,170.0,98.0,,100.0,100.0,100.0,,49.4,56.95,25.2,25.2,103.75,115.0,95.0,29.7,,,,,,,,,,,65.0,,,,,,111.83,,,,53.5,,,,,50.0,50.0,38.0,50.0,,,30.439999999999998
2004,,34.0,34.0,34.0,,,,,38.5,38.5,38.5,,,,,15.0,,,,,12.0,12.0,,4.0,,68.725,101.0,,,80.0,17.25,16.5,,17.25,19.5,135.0,,,,,,,106.0,98.25,101.5,,,,,,,,87.1,87.1,73.5,89.0,89.0,70.2,89.0,138.5,,,,,,11.0,,14.41,10.0,,,,,,12.0,,,,37.05,35.0,35.0,16.8,16.8,16.8,,89.0,89.0,,,,,,,,15.5,15.5,15.5,,26.2,26.2,38.25,27.0,27.0,26.6,,50.0,35.0,35.0,56.0,47.8,88.5,,26.5,46.5,41.825,39.3,50.0,42.0,40.775,21.1,,41.0,,54.9,46.45,25.24,42.51,,,,104.965,,71.7,71.7,104.965,50.0,87.23,,,,,11.7,11.7,11.7,,80.0,71.0,,,22.0,36.0,29.0,93.5,93.5,60.5,,122.6,,122.6,67.655,67.655,123.0,,115.0,77.0,98.8,98.8,34.2,34.2,27.02,35.31,61.69499999999999,,,,,,,56.1,14.24,14.24,,,63.8,,,62.0,47.43,47.43,47.43,54.715,47.43,17.6,,,,,,,,34.9,,,,,34.9,27.299999999999997,,,,,,18.65,,26.775,50.85,73.0,50.85,,,,,119.2,111.97500000000001,157.325,129.95,109.8,140.0,119.2,77.0,,,,67.8,43.9,31.549999999999997,93.25,69.07499999999999,66.425,119.2,50.0,,,,150.8,150.8,150.8,,20.0,55.5,,,55.5,,,,,60.0,,57.0875,,,20.0,,,,,,,,,,81.55,,,,,,,72.7,,,66.975,,117.45,,,17.685000000000002,37.89,,117.45,,,,,,,,54.5,,,,68.0,,11.5,,13.0,22.0,22.0,30.0,140.0,140.0,57.0875,22.0,75.0,96.0,,43.0,110.0,60.825,51.7,35.35,28.3,84.75,30.1,72.75,51.75,,,20.0,,,,,60.0,,,,,,,,30.85,36.425,32.65,30.724999999999998,36.9,84.5,,,162.0,162.0,82.675,36.05,,,,,,,67.0,,10.0,,38.5,10.0,,,,10.5,112.63,,78.6,78.6,59.1,25.0,,,,56.6,58.4,74.6,56.55,,58.4,29.8
2005,31.0,,,,,,,31.0,,,30.0,,31.0,,99.0,99.0,127.0,,,,16.0,16.0,34.5,4.0,,64.7,,,29.0,66.5,20.0,20.5,,19.0,14.5,,,,,,56.5,54.25,,,,,,,,,7.0,7.0,82.15,101.2,61.0,102.0,,70.0,102.0,137.8,,,,,,12.0,16.0,14.5,10.0,,,,,,,,,,23.700000000000003,8.8,8.8,,,,,,,,,,14.9,14.9,14.9,,,,,,29.3,29.3,36.35,85.0,120.0,57.15,,19.0,116.0,39.0,58.5,40.0,87.0,,48.5,46.0,37.35,26.5,,45.75,18.3,18.3,,43.1,,72.9,58.0,24.8,48.85,,,35.7,105.93,70.0,74.5,74.5,105.93,,,,,,,,,,70.0,42.5,62.1,72.67500000000001,,,43.0,100.0,120.0,120.0,82.5,,121.3,,121.3,67.78,67.78,,,,,86.0,86.0,40.48,40.48,44.18,42.33,65.94,,61.0,,61.0,,,75.6,17.8,17.8,,,61.2,,,,,,,,,,,,44.6,34.0,,93.1,21.1,36.5,40.1,14.7,51.5,,32.625,33.65,56.0,27.7,50.0,23.55,18.8,19.8,17.0,20.9,36.0,27.275,41.45,,33.2,,72.5,158.0,96.75,168.35,150.625,99.025,134.125,150.95,145.6,94.7,46.45,,31.05,30.5,23.0,105.25,33.065,62.2,163.8,54.75,,,,,,,38.0,0.0,,,,,,,,,,45.0,35.0,35.0,,,,,,23.0,,,,,,23.7,,,,,,,73.75,,,102.1,63.6,102.1,,25.0,16.72,53.735,17.0,102.1,,,,,31.0,7.8,75.7,128.35,26.5,26.5,56.0,58.0,60.0,37.0,,66.0,10.7,,28.5,,,34.400000000000006,,22.0,35.4,,6.0,,24.2,48.7,32.55,14.7,66.0,,98.375,87.8,,,,,,,,,,,,,,,,,,,,,66.0,27.0,27.0,,,,,,,,30.0,30.0,,66.0,,,,66.0,10.7,,11.4,,7.0,114.145,,,,,25.0,30.1,30.1,,,,,,,,30.2
2006,30.0,20.0,20.0,20.0,,,,,,,67.0,,,61.5,107.0,107.0,118.0,,,,15.0,15.0,,,,22.83,10.0,90.8,,55.5,,,15.0,,,74.3,,,69.0,,93.9,45.0,110.0,110.0,95.0,74.3,,,,,8.0,8.0,85.7,,60.0,,,62.0,,137.5,,,,,,12.0,,16.12,10.0,,,,,,87.1,,,,56.849999999999994,,,17.6,17.6,17.6,,,,61.35,,,,,,15.0,15.0,70.0,125.0,,25.0,25.0,28.85,55.0,,40.0,,,,,77.0,33.6,,,17.0,33.6,28.425,26.7,59.0,25.0,44.0,63.175,70.0,40.6,82.9,50.0,40.6,23.2,23.2,,,,106.825,,,,106.825,,,33.0,14.0,24.384999999999998,,13.6,13.6,13.6,,80.0,80.0,,29.7,162.6,102.0,22.05,,16.599999999999998,72.35000000000001,81.67,16.44,4.890000000000001,122.7,67.65,67.67500000000001,27.15,108.2,160.65,119.95,56.5,56.5,61.125,48.175,18.1475,48.6475,36.4,38.53,41.629999999999995,50.1,35.835,70.6,89.05000000000001,56.4,16.0,16.0,23.5,23.7,,22.0,35.2,,40.1,40.1,40.1,40.1,41.2,34.35,22.5,10.075,,5.89,,,,32.505,,,,,32.505,32.505,,,,,,22.45,,23.805,31.5,34.5,34.5,,,,,118.6,89.245,181.20999999999998,67.0,83.85,139.625,118.6,,,,,51.2,28.475,22.5,72.45,49.1,57.1525,147.35,50.7,,48.0,58.75,150.215,150.215,150.215,,80.0,,,,,,,,,,,,,,,,,,,,,,,,78.55,,84.9,,,,,75.8,,,102.4,94.85,102.4,,10.0,20.41,54.98,38.8,102.4,27.95,149.2,39.15,1.0,1.0,5.7,75.9,75.9,29.0,29.0,39.5,,85.75,85.0,,73.65,,,75.725,,,,,44.225,37.7,,,56.5,50.4,55.7,33.95,15.5,80.0,,44.989999999999995,53.0,,,,,,,,,,,,,,,,,,,,,,27.4,27.4,,,,,,,,,,,,8.0,10.0,8.0,9.0,12.9,,20.95,14.5,13.5,114.53,,,,,,,,,47.5,47.5,,47.5,,,28.7
2007,,42.5,42.5,20.0,,,,,18.0,18.0,49.0,,,,120.0,120.0,,,,,0.0,0.0,,,,48.83,,,,,,,,,,,,,,80.0,,,97.5,97.5,95.0,,9.5,9.5,,,,,86.25,102.35,59.5,,,69.0,,138.3,,,,,,,,17.79,13.5,,,,,,88.6,,,,74.3,,,17.9,17.9,17.9,102.4,102.4,102.4,87.3,,97.3,58.65,58.65,20.0,,50.0,62.5,75.0,,29.9,29.9,35.45,35.0,35.0,32.45,10.0,,,,64.0,59.45,,58.2,18.5,43.0,33.6,25.6,7.0,26.0,12.3,12.3,35.0,38.4,35.0,71.0,56.4,23.68,47.34,12.0,,85.85,108.07,89.2,76.44,77.63,108.07,,89.5,,22.8,22.8,,12.2,15.525,12.2,,57.0,57.0,,,,,,51.0,51.0,,,100.5,,121.0,67.19999999999999,67.19999999999999,,,,,83.1,83.1,53.2,53.2,37.8,43.0,49.65,,,,,,,73.9,9.8,9.8,,,70.25,86.0,,,40.5,40.5,40.5,40.5,40.5,15.9,36.0,29.4,,14.809999999999999,,,,22.34,,10.2,34.675,,24.6,23.3,53.0,19.4,42.6,19.4,16.9,21.5,25.05,22.07,28.3,28.1,28.3,73.13,73.13,73.13,,108.86,98.51,139.575,117.02000000000001,109.63749999999999,132.47500000000002,108.86,,94.4,,49.0,47.84,25.93,15.8,113.9125,78.3725,54.235,146.415,38.5,46.65,,94.6,,,,,,,,,43.0,,,,,,,,48.0,48.0,,,,,22.0,,,,,,83.25,,75.2,,,,,83.75,,,103.5,64.3,103.5,,30.0,,53.322500000000005,42.8,103.5,9.37,149.2,53.47,,,10.8,76.2,76.2,28.8,28.8,40.7,102.0,68.15,32.0,,44.2,38.2,,48.25,29.0,29.0,43.0,,29.0,32.95,,,87.5,32.85,26.8,9.0,13.5,0.0,,49.89,52.295,,,,,,,,,,,,,,75.0,,,,,,,,24.5,24.5,,,,,,,,,,,,14.0,,14.0,,11.85,125.0,68.85,,,115.32,,,,,,,,,,,,,,,52.875
2008,31.5,,60.0,60.0,,20.0,,,3.0,3.0,3.0,,,,99.3,99.3,93.0,,,,,,,,,49.595,,,,84.25,,19.0,,19.0,19.0,,15.0,15.0,,75.0,,,,,,15.0,,,7.0,7.0,4.0,4.0,90.9,,,78.0,88.0,68.0,88.0,,,,,,,14.0,17.0,20.424999999999997,11.0,25.0,25.3,17.35,57.3,20.0,89.4,36.61,36.61,36.61,51.75,25.2,25.2,18.0,18.0,18.0,107.0,107.0,107.0,89.3,,98.3,59.9,59.9,21.5,28.0,28.0,28.0,90.0,57.5,,,57.5,,,77.5,23.5,,61.0,61.0,78.0,,76.0,,,42.0,68.75,68.75,,32.5,32.5,,,,,,,,,,,,108.625,,80.08,80.08,108.625,,88.2,,,,,,,,,70.5,70.5,,16.25,20.5,18.5,18.5,,,,,122.0,,122.0,67.4,67.4,,,,,83.5,83.5,,,,,79.3,,,,,,,72.2,11.4,11.4,,,,,,0.0,41.4,41.4,41.4,41.4,41.4,,,,121.4,11.9,40.0,,40.0,23.53,,,28.65,20.0,23.53,20.31,48.3,19.8,34.05,19.8,16.1,20.85,17.1,21.380000000000003,28.9,28.9,28.9,69.4,69.4,69.4,,97.98,92.0,165.0025,136.94,92.0,148.79500000000002,97.98,,95.8,,50.205,24.86,26.11,11.8275,86.575,39.04,23.35,144.095,,,,94.7,150.15,150.15,150.15,,,,,,32.0,,,48.7,9.0,29.6,21.25,32.6,20.1,12.3,6.15,18.75,18.9,,7.7,,,,,,86.0,34.0,74.4,,,,,85.75,,,,63.8,,,36.0,,56.0925,,,,,,,,31.6,76.8,139.5375,32.0,32.0,41.2,,70.9,,,121.675,29.01,,25.0,,,32.6,,32.725,,,,60.0,39.9,36.1,47.85,31.65,,7.7,49.0,54.55,,,16.48,,,,,,,,,,,28.5,,,,,,,7.7,26.4,26.4,,,,,,,,,,,,,63.0,,63.0,8.0,,8.0,,14.0,116.28,,,,,,,,,,,,,,,
2009,94.0,,31.0,31.0,26.0,26.0,26.0,,,,,,,,,,,,,,,,,,,123.1,,95.4,,,,,,,,,,,,,,,,,,,,,,,,,88.0,,,118.0,118.0,118.0,118.0,128.7,,,,,,,,21.34,,,,,,,90.4,44.01,44.01,44.01,42.825,30.7,30.7,18.375,18.375,18.375,105.9,105.9,105.9,91.4,,96.6,57.449999999999996,57.449999999999996,18.3,,,,,,,,48.9,,,,,,60.5,,50.0,40.0,,,,43.5,38.6,38.6,,38.6,,,,,,,,23.4,23.4,,,,109.76,,78.0,78.0,109.76,,90.4,,24.0,24.0,,32.2,32.2,32.2,,71.0,71.0,,,,,,,,,,123.0,,123.0,,,,,,,81.2,81.2,36.5,36.5,,36.5,77.2,,,,,,,82.9,13.0,13.0,,,,,,,45.1,45.1,45.1,45.1,45.1,15.7,,24.0,122.2,16.54,,,,26.085,,,44.3,,27.034999999999997,19.8,49.9,19.5,34.7,19.5,13.3,19.45,9.685,14.899999999999999,28.85,17.1,28.85,60.79,85.58,85.58,,91.76,94.245,146.76,140.665,93.0,129.685,91.76,,95.2,,59.93,29.24,29.565,25.2425,45.615,34.595,49.63,143.04,,,,95.0,150.1,150.1,150.1,,,,,60.0,,,,,,,,32.349999999999994,,,,,,,,,12.5,,,,76.775,,74.3,,,60.15,,80.4,,,,49.7,,,,,61.43,38.3,,3.0,128.14999999999998,53.8,8.0,,10.7,38.6,44.5,32.8,32.8,,34.7,,111.9,,59.88,38.2,,23.3,9.3,91.8,32.349999999999994,,28.15,25.450000000000003,,,,31.3,52.55,47.5,31.3,,,52.6,86.75,,,18.16,,,,,69.9,,,,,,,,,,,,,50.5,28.2,28.2,,,,,,,,,,,,,,,,12.7,,11.35,10.0,,107.185,,,,,12.82,,12.82,,,,,,,,30.7
2010,,11.0,11.0,11.0,,,,30.0,,,,,30.0,,,,,,,,15.0,15.0,,,,,,91.9,,,,,,,,,,,,,,,,,,,,,,,,,97.85,105.375,,,,69.8,,138.6,,,,,,,,22.89,,,,,,,,,,,53.150000000000006,29.9,29.9,18.3,18.3,18.3,106.2,106.2,106.2,93.0,,99.38,58.905,58.905,18.43,,,,,,27.0,27.0,35.35,,,51.0,,,55.0,,55.0,32.5,,59.7,48.0,47.05,35.4,27.299999999999997,27.0,47.775,19.2,13.6,8.0,,8.0,68.5,68.5,23.9,56.225,,,,,,78.8,78.8,,,89.7,,22.3,22.3,,,,,,,,,,,,40.0,,40.0,,,121.7,,121.7,,,,,,,79.9,79.9,37.4,37.4,,37.4,79.2,,,,,,,70.5,15.9,15.9,,,59.6,,,,44.7,44.7,44.7,44.7,44.7,15.9,,22.3,127.8,23.4,,,21.3,23.25,25.7,25.7,42.0,29.3,24.5,22.05,53.0,21.5,60.825,35.55,12.6,12.675,20.35,17.25,28.1,25.8,27.700000000000003,,39.9,,91.55,107.28999999999999,91.58,142.26749999999998,134.965,105.87,129.715,107.28999999999999,,95.2,,,48.112500000000004,16.060000000000002,14.17,68.7,51.6375,50.9075,142.48000000000002,40.66,,24.8,59.9,,,,,,,,,,,,,,,,38.85,,,,,,,,,,,,38.0,57.375,32.0,74.4,24.7,3.7,9.4,65.7,78.85,17.05,179.5,105.1,63.0,105.1,,,,62.1,14.9,105.1,1.4,,53.9,,,8.0,77.2,77.2,42.6,42.6,48.4,,70.2,,,56.5,14.4,,50.400000000000006,,,38.85,,53.2,36.2,,,,47.85,,47.85,10.85,,,37.4,36.95,,,,,,,,,,,,,,,,,,,,,,26.0,26.0,,,,,,,,,,,,,,,,,,,,,119.94,,,,,,,,,,,,,,,31.1
2011,,1.0,1.0,1.0,,,,,,,,,,,29.75,,,29.61,29.61,29.61,,,,,,95.6,,91.5,,,,,,,4.5,5.0,4.5,,,,,,,,,,,,8.0,8.0,,,92.4,,82.0,89.0,91.0,56.0,89.0,,,,,,,,,21.63,6.0,,,,,,91.5,37.93,37.93,37.93,55.75,34.7,34.7,20.7,20.7,20.7,,,,100.8,,97.58,58.625,58.625,19.67,,,,,,30.9,30.9,38.05,,,30.9,19.0,,37.0,110.0,61.0,50.25,,69.15,,51.9125,38.0,29.4,,45.7875,20.8,20.8,,34.38,44.69,71.7,54.02,22.9,47.3,,,,110.57,,79.6,79.6,91.0,,,,,,,11.8,11.8,11.8,,76.0,64.0,,,,,,,,,,121.9,,121.9,,,,,,,,,,,,,,,,,,,,,19.085,19.085,,,62.0,,,,,,,,,,,,122.2,13.1,,,,20.740000000000002,,,34.6,12.035,22.54,21.8,58.6,21.7,40.15,21.7,17.25,14.9,9.57,16.2,26.8,16.2,26.8,98.1,98.1,98.1,,,89.72,154.42000000000002,131.515,94.65,150.08,,,,,55.49,44.94,26.41,17.655,64.4325,47.5,52.32,153.84,43.9,,,96.0,150.28,150.28,150.28,,,,,,,,,,,,,46.6,,37.5,,,,,,,,,,,86.35,,73.8,17.0,,30.4,66.9,78.2,17.0,178.7,,62.0,,,,,63.9,34.0,,,,,,,9.8,77.3,77.3,28.9,28.9,46.2,,70.7,,,57.0,33.0,,50.95,,,46.6,,54.2,37.7,,,,31.65,51.1,41.375,29.424999999999997,,,44.3,55.35,,,13.49,,,,,,,,,,,,,,,,,,,25.5,25.5,,,,,51.0,,,,,,,,,,,12.899999999999999,30.0,13.1,,,120.82,,,,,14.71,,14.71,,65.0,65.0,,65.0,,,18.15
2012,40.0,,,,,,,,,,80.0,,,,,,,,,,,,42.0,,,98.80000000000001,,,23.5,,,,,,,,,,64.0,,,,,,,,9.0,9.0,,,,,94.0,,55.0,95.0,96.0,63.0,95.0,139.3,,,,,,,,25.64,,,,,,,,43.86,43.86,43.86,,,,,,,111.1,111.1,111.1,,,98.3,59.4,59.4,20.5,,,58.0,58.0,,,,,,,,,,,,,46.5,,,,46.5,,36.0,,42.0,36.0,,,,,,,,,,,,111.25,,81.0,81.0,111.25,,,,,,,14.7,14.7,14.7,,,,,,,,,,,,,122.2,,122.2,,,,,,,80.05000000000001,80.05000000000001,39.15,39.15,,39.15,81.35,,,,,,,83.1,24.125,24.125,,,,,,,,,,,,19.05,,,124.9,13.95,,,,30.165,,,,12.27,29.015,26.200000000000003,61.2,22.0,41.6,22.0,24.35,18.675,9.89,18.9,31.049999999999997,32.3,32.3,102.91,102.91,102.91,,111.7,88.855,138.08,130.065,124.8075,150.5375,111.7,,104.8,,52.86,54.64,35.175,32.8,72.65,73.19,69.19,161.07,,,,95.4,150.62,150.62,150.62,,,,,,,,,,,80.0,66.0,34.1,,,,,24.0,,60.0,,32.0,,,,83.375,39.0,73.7,20.0,,12.1,78.3,80.6,20.0,178.3,105.7,62.7,105.7,,,,66.09,40.84,105.7,8.3,149.1,54.1,,,11.0,77.3,77.3,31.7,31.7,,,70.8,,,59.4,40.1,,51.4,,,34.1,,54.25,37.7,,,,47.7,45.825,47.7,47.7,,,46.2,90.75,,,16.65,,,,,,,,,,,,,,,,,,,,,,,,,,,,,,,,,,,,,,,,,121.54,,,,,17.54,,17.54,,,,,,,,30.7
2013,,,,,,,,,,,,,,,,,,,,,,,,,,110.2,,,,100.0,,,,,,,,,,,,,,,,,,,,,,,,,65.0,,,65.0,,,,,,,,,,24.48,10.0,,,,,,91.9,54.4,54.4,54.4,46.65,36.95,36.95,18.5,18.5,18.5,126.2,126.2,126.2,94.4,,,,,,,,,,25.0,25.8,37.9,32.25,,,37.9,,,,,,60.75,,63.04,38.0,49.335,33.55,29.25,,39.55,24.95,23.9,,33.4,33.4,57.1,45.65,26.8,44.0,,,,111.59,33.0,82.2,82.2,111.59,,83.60499999999999,,27.0,27.0,,15.3,15.3,15.3,,,,,,,,,,,,,122.1,,122.1,,,,,,,72.25,72.25,40.6,40.6,,40.6,80.6,,,,,,,93.30000000000001,28.060000000000002,26.5,21.2,,57.8,,,,50.2,50.2,50.2,50.2,50.2,16.65,,27.0,124.4,23.0,,,,29.605,,,,11.84,26.755,27.905,64.9,22.0,43.45,22.0,15.2,20.2,12.4525,16.1,34.95,20.9,34.95,103.45,103.45,103.45,,114.5,119.58,141.12,124.02000000000001,107.665,113.015,114.5,,95.6,,57.745000000000005,92.0,30.965,19.905,11.37,51.685,75.65,158.4,56.2,67.5,,95.8,,,,,,,,,,,,,,,,46.95,31.0,31.0,,,17.0,,17.0,,,,,59.2,89.7,37.0,74.1,16.4,7.5,31.0,74.5,79.6,16.4,178.3,106.3,63.2,106.3,,,,66.6,43.5,106.3,9.12,149.2,54.61,,,9.1,80.3,80.3,31.4,31.4,61.6,,70.3,,,61.2,41.5,,52.05,,,46.95,,53.9,37.5,,,,32.15,34.95,41.67,31.8,,31.8,57.6,60.3,,,14.27,,,,,,,54.0,,,,,,,,,,,31.8,,,,,,,,,,,,,,,,17.0,77.0,77.0,,,,,121.57,,,,,11.11,,11.11,,,,,,,,30.4
2014,,38.0,38.0,,,,,,,,56.0,,,,30.39,,,,,,,,,,,97.7,,91.9,,140.0,19.0,19.0,,19.0,,,,,,,,,,,,,,,,,,,,,,63.0,,63.0,,119.0,,,,,,,,26.695,7.0,,,,,,,,,,,,,,,,,,,,,,,,,,,,,,,,,73.0,,73.0,,,,,,,,,,,33.0,33.0,57.0,45.0,45.0,,,,,,,,,,,,112.04,,,,112.04,,91.9,,27.1,27.1,,16.0,16.0,16.0,,63.0,59.45,65.4,,,,,,,,,121.9,,121.9,,,,,,,77.6,77.6,41.3,41.3,,41.3,79.6,,,45.0,,45.0,45.0,84.5,28.9,26.3,21.1,,,,,,48.1,48.1,48.1,48.1,48.1,16.6,,27.1,126.8,18.77,,,,34.415,,,27.7,,30.965000000000003,24.8,66.6,21.7,44.15,21.7,19.15,17.3,12.385,15.350000000000001,,14.985,,108.02,108.02,108.02,,126.97,119.065,129.17,111.54,129.17,76.065,126.97,,98.2,,60.3,56.01,40.95,25.84,68.1,61.17999999999999,82.25,172.44,57.4,,,100.4,,,,,,,,,,,,,,,,46.980000000000004,,,,,,,19.0,,,,,40.0,86.65,72.0,93.6,18.4,,33.95,74.8,78.4,30.5,,62.95,62.6,106.9,,,,67.105,45.6,106.9,11.2,149.1,55.9,,,38.15,80.6,80.6,31.3,31.3,54.7,,71.9,,,60.1,42.1,,51.550000000000004,,,46.980000000000004,,54.6,37.3,,,,16.4,38.555,33.215,16.4,,24.0,55.3,63.0,,,52.855000000000004,,,,,,,,,150.0,,,,,,,,,,,,,,,,,,,,,,,,,,,,,,,,121.88,,,,,5.04,,5.04,,,,,,,,
2015,,,,,,,,,,,,,,22.5,,,,,,,,,,,,,,,,,,,,,,,,,,,,,,,,,,,,,,,89.5,104.05,,87.0,87.0,86.15,87.0,,,,,,,79.0,79.0,27.87,10.0,,,,,,92.7,60.2,60.2,60.2,40.8,40.8,40.8,23.1,23.1,23.1,113.2,113.2,113.2,91.8,,,,,,,,,,,29.8,29.8,38.75,,,29.8,,50.0,,,,58.4,,63.7,,58.7,37.1,20.175,12.0,50.400000000000006,12.0,19.6,,31.9,31.9,79.2,55.55,26.04,52.620000000000005,,,85.05,112.71,97.05,87.6,76.55,112.71,,92.0,,27.9,27.9,,20.8,20.8,20.8,,70.5,70.5,,,,,,,,,,122.3,,122.3,,,,,,,78.2,78.2,39.2,39.2,,39.2,81.9,,,,,65.0,,79.25,27.384999999999998,27.384999999999998,,,74.6,,,,50.5,50.5,50.5,50.5,39.5,17.0,,27.9,125.4,18.2,,,,18.2,,,57.2,,19.45,27.725,,21.7,21.7,21.7,12.0,13.45,9.7,13.55,26.7,19.55,26.7,100.44,100.44,100.44,,126.33,95.205,136.095,103.9475,98.0,123.70500000000001,126.33,,96.1,,52.49,99.65,,,,99.65,81.6,155.46,54.9,,,96.5,,,,,,,,,,,,,,,6.0,32.565,,,,,,,,,,,,,80.0,,94.25,18.5,8.6,15.0,74.5,74.85,16.75,,107.87,63.8,107.87,,,,67.4,47.8,89.935,3.6,149.3,55.75,,,10.4,79.1,72.05,28.7,28.7,44.3,,72.4,,,,,,51.800000000000004,,,32.565,,54.85,37.3,,,,39.150000000000006,41.8,48.16,13.48,,27.8,44.0,62.95,,,53.6,,,,,,,,,,,,,,,,,,27.8,24.6,24.6,,,,,,,,,,,,23.0,,,23.0,13.4,,11.2,,,122.68,,84.64999999999999,84.64999999999999,70.3,10.115,17.3,10.795,121.8,61.825,59.5,113.0,59.5,129.9,59.5,30.5
2016,,,,,,,,,10.0,10.0,10.0,,,,,,,,,,,,,,,,,,,,,,,,,,,,,,,,,,,,,,,,,,85.7,105.0,90.825,,,58.75,,143.0,,,,,,,,29.31,11.0,,,,,,93.5,63.4,63.4,63.4,60.949999999999996,40.8,40.8,23.7,23.7,23.7,137.1,137.1,137.1,96.7,,,,,,,,,,,26.3,26.3,36.15,,,26.3,,,,,,46.775,,59.0,,49.025,42.9,31.75,,50.95,20.6,20.6,,32.0,32.0,76.2,54.1,31.9,54.05,,,,,,84.0,84.0,,,92.75,,30.1,30.1,,19.6,19.6,19.6,,,,,,,,,,,,,122.6,,122.6,,,,,,,80.5,80.5,55.1,55.1,,55.1,,,,,,,,78.25,29.725,29.2,22.3,,68.2,,,,51.3,51.3,51.3,51.3,51.3,17.9,,30.1,26.8,13.2,27.6,63.525000000000006,24.3,20.93,28.3,28.3,57.025,28.1,20.93,29.65,34.15,22.0,43.3,49.0,10.5,17.3,8.9275,9.3325,29.2,21.332500000000003,36.5,96.22,55.5,96.22,,120.295,111.34,116.725,107.8775,94.89,95.09,126.07249999999999,170.4,96.1,45.4,43.51,42.364999999999995,35.9975,21.159999999999997,56.2075,34.15,73.48625,153.38,52.6,,80.0,80.0,,,,,,,,,,,,,,,92.0,48.35,,,,,,,,,53.5,,,,,,95.3,18.1,,32.75,69.2,75.4,18.1,176.9,108.42,65.7,108.42,,,,71.3,,82.005,,,,,,11.9,,57.1,28.7,28.7,66.3,,72.6,,,,42.6,,32.0,,,48.35,,40.65,,,,,20.0,33.442499999999995,23.0,16.165,,,52.2,41.1,,,,,,,,,,,,,,,,,,,,,,26.0,26.0,,,,,,,,,,,,,,,,16.3,,18.9,,,123.73,,,,,,,,,,59.8,,59.8,,59.8,30.8
2017,,,,,,,,,,,,,,,26.8,,,30.1,30.1,30.1,,,,,,99.5,,,,,,,,,,,,,,,,,,,,,,,14.0,12.5,,,97.8,,,,,,,143.5,,,,,,,,32.62,,,,,,,,,,,,,,,,,,,,,,,,,,,,,,,27.2,27.2,37.55,,,27.2,,,,,,48.95,,59.6,,50.6,38.65,28.4,,42.0,21.5,21.5,,32.4,32.4,74.4,53.400000000000006,33.8,44.25,,,,113.07,,83.6,83.6,113.07,,91.8,,30.3,30.3,,32.2,32.2,32.2,,,,,,,,74.0,,74.0,,,,,,,,,,,,82.5,82.5,56.8,56.8,,56.8,52.0,52.0,,,,,,72.9,28.075,27.9,22.1,,60.7,,,,52.5,52.5,52.5,52.5,52.5,19.6,,30.3,124.6,12.61,,,,20.885,22.549999999999997,22.549999999999997,22.549999999999997,144.37,92.33250000000001,19.799999999999997,60.2,22.8,41.5,22.8,12.899999999999999,13.45,9.192499999999999,12.6,27.7,12.120000000000001,27.7,94.95,94.95,94.95,,,88.22,,,85.84,,,,103.09,,53.58,45.095,14.88,9.74,29.78,38.39,62.3,149.56,53.2,,,97.2,,,,50.0,50.0,,28.5,,,,,,,,22.0,31.63,,,,,,,,,,,,,71.35,63.0,95.85,6.6,,31.65,70.8,57.4,9.5,178.0,109.135,63.1,108.87,,,,73.1,26.1,91.5175,1.4,122.89999999999999,54.8,10.7,16.85,10.2,,60.6,28.2,28.2,35.0,28.85,23.9,,,,20.1,,30.1,28.9,31.55,20.1,23.0,32.6,39.625,70.35,,26.8,26.8,51.355000000000004,53.5,34.525,79.65,27.849999999999998,37.6,51.0,,,12.415,,,,,79.7,,,,,,,,,,,48.3,48.3,32.3,27.08,27.08,152.6,152.6,,,,,,,,,,,,,,14.1,,14.1,,,125.2,,,,,13.06,,13.06,,,59.8,,59.8,,59.8,31.3
2018,,,,,,,,,,,,,,,,,,,,,,,,,,,,,,98.0,,,,,,,4.8,4.8,,,61.3,68.8,,,,36.4,,,6.75,6.75,,,86.5,86.5,,,,86.5,,145.0,,,,,6.0,16.0,16.0,35.17,5.0,,,,,,,,,,81.9,,,,,,,,,,,106.4,106.4,106.4,,,,,,,28.0,28.0,38.35,,,53.5,,,,,,53.15,,60.9,,46.0,39.2,30.900000000000002,,47.025,22.6,22.6,,33.4,33.4,,33.4,32.8,32.8,,,,113.5,,86.6,86.6,113.5,,91.5,,36.4,36.4,,13.5,13.5,13.5,136.8,40.0,62.5,,,,,,,,156.0,,123.1,,123.1,,,,,,,81.2,81.2,42.9,42.9,,42.9,45.0,,,,,,,75.2,29.2,28.0,22.6,,67.3,,,,51.9,51.9,51.9,51.9,51.9,18.4,14.0,25.2,122.8,14.27,,,,20.74,26.55,26.55,40.3,145.04,84.18,18.85,47.7,22.6,35.150000000000006,22.6,17.5,16.7,9.55,15.0,27.75,23.9,27.75,92.21,92.21,92.21,,118.14,88.68,106.04749999999999,102.96,90.0975,117.095,118.14,,101.8,,51.82,66.0,28.205,25.75,58.8,62.3125,77.1,146.215,56.400000000000006,94.15,,,,,,,11.0,,,,,27.0,,,,33.5,,48.3,,,,32.0,32.0,,16.0,,,,33.5,30.0,67.95,,96.6,17.5,,10.4,69.7,79.55,17.5,178.3,109.31,62.1,109.31,,,,72.6,44.6,81.9025,,,,,,,,,,,,,,,,34.0,,,,,,48.3,,,,,,,28.424999999999997,48.17,35.65,22.625,80.0,72.05,30.0,30.0,,,15.14,,,,,,,158.9,,,,43.4,,,,,,,71.0,,,,,58.400000000000006,72.925,,,,,,,22.8,,22.8,22.8,22.8,22.8,,10.0,,,,,,,,5.28,,5.28,,,60.5,,60.5,,60.5,30.1
2019,,,,,,,,,,,,,,,,14.0,,,,,,,,,,76.4,,,,100.5,17.0,17.0,,17.0,,,10.5,10.5,,,,,,,,10.5,,,8.0,8.0,,,,,55.0,,,55.0,,,,,,,,,,36.12,12.0,,,,,,,,,,,,,,,,,,,,,,,15.5,15.5,,,,,45.0,29.4,29.4,42.7,,,29.4,,,142.0,142.0,50.0,41.0,,60.3,,41.0,31.5,29.0,,37.325,26.0,21.0,,35.4,35.4,75.0,55.2,33.2,54.1,26.0,26.0,,113.95,,92.4,92.4,113.95,,92.0,,32.5,32.5,,15.5,15.5,15.5,,82.0,82.0,,,,,7.5,158.95,131.6,65.0,,6.025,6.025,,68.25,82.67500000000001,64.46,42.125,137.4,36.4,64.15,73.225,55.05,50.675,,50.675,41.3,49.75,49.8,,,,,79.1,25.700000000000003,25.3,22.1,,60.3,,,,,,,,,20.1,,32.5,123.1,13.85,,,,25.395,34.0,34.0,34.0,154.29500000000002,153.785,22.3,,16.5,16.5,16.5,14.799999999999999,18.0,8.81,14.975,28.9,18.32,28.9,93.58,93.58,93.58,,114.795,98.505,96.02,83.77000000000001,83.59,89.69,114.795,,102.8,,53.95,52.6,18.235,11.895,42.36,47.9,58.1,117.47,56.400000000000006,,,97.5,,,,,40.0,86.0,86.0,70.5,55.0,85.0,,,53.15,40.0,,51.1,,,,,,,,,,,,32.785,37.3,,97.05,6.3,,31.6,66.5,80.1,9.0,178.2,109.36,61.7,109.36,,25.0,85.0,71.05,27.5,78.55,,,,,,9.1,,97.9,27.6,27.6,52.7,,72.3,,,,37.7,,50.9,,,51.1,,72.3,,,,,50.0,54.27,51.084999999999994,32.19,,63.0,,74.6,,,12.54,,,,,,,90.6,90.6,90.6,,,,,,,,,60.0,,,,,,,,23.6,21.9,23.6,,,,,,,,15.8,,23.0,14.0,,,,,,,9.08,,9.08,,,60.8,,60.8,,60.8,29.7
2020,,,,,,,,,,,,,,,,28.75,,,,,,58.0,58.0,60.0,60.0,77.7,,,49.0,,,,,,,,,,,,,,,,,,,,,,,,90.9,,,,,54.0,,,,,,,,,,27.465,,,,,,,,60.0,60.0,60.0,40.0,,,,,,,,,,,,,,,40.0,60.0,58.75,57.5,45.0,45.3,75.3,50.275,63.0,,93.0,,,62.0,62.0,62.0,53.4,,60.8,,53.349999999999994,35.8,28.299999999999997,,48.3,20.8,20.8,,34.2,34.2,74.0,54.1,31.1,52.55,,,,114.52,,93.6,93.6,114.52,,91.9,,28.3,28.3,,,,,,70.0,70.0,,,,,,,,,,,,,,,,,,,82.6,82.6,54.2,54.2,,54.2,76.6,,,,,,,80.85,28.200000000000003,25.6,23.7,,65.9,,,,55.4,55.4,55.4,55.4,55.4,20.8,26.0,27.15,70.85,20.52,,96.35,,23.4,27.950000000000003,27.950000000000003,33.775000000000006,11.6,24.3,23.4,46.3,21.9,34.099999999999994,21.9,12.95,18.0,9.045,14.1,39.150000000000006,9.65,36.2,92.83,92.83,92.83,,,87.25,90.02,117.3275,81.03,41.0,,114.85,96.5,41.1,49.445,50.7,12.030000000000001,10.285,36.22,38.47,65.125,171.47,51.7,,22.95,23.4,,,,,60.0,,,,,,,,49.575,,,38.9,,,,,,,,,,,69.0,48.833333333333336,61.333333333333336,,,,,7.1,,,7.1,,109.48,,109.48,,,,,,109.48,10.0,,,,,,,,,,,,,47.0,,54.75,,,,,,38.9,,,,,,,35.5,65.9975,44.83,24.77,,72.3,,,,,10.6,68.0,,,,,,126.9,126.9,126.9,,,,,,,,,,,,,,,,,26.8,26.8,39.0,51.2,41.95,37.6,26.6,33.25,41.4,37.6,98.5,,35.4,49.1,,126.2,,,,,9.25,,9.25,,,68.7,,68.7,,68.7,31.5
2021,,,,,,,17.0,,,,,,,25.0,,,,,,,,,,,,76.6,,,,,,,,,,,,,,,143.8,,,,,,,,,,,,,,,103.5,103.5,103.5,103.5,,,,,,,,,,,,,,,,,,,,85.9,,,20.1,20.1,20.1,,,,92.4,,,,,,52.0,52.0,52.0,72.5,,32.8,68.9,61.825,44.5,29.0,66.45,,,38.0,38.0,64.5,56.6,64.5,62.7,,56.6,37.2,24.275,,49.95,20.45,21.9,,34.7,34.7,71.3,62.0,35.5,62.0,52.0,52.0,25.5,114.76,,97.94999999999999,87.65,114.76,,94.5,11.7,19.95,23.225,,10.7,10.7,10.7,,134.0,134.0,79.5,,,,,,,,,,,,68.4,68.4,,,,,79.6,79.6,,,,,79.7,,,,,95.8,94.65,81.75,31.25,31.0,23.0,,41.6,20.4,41.55,,54.2,54.2,54.2,54.2,60.0,36.3,29.9,27.775,123.6,50.050000000000004,46.0,51.25,51.25,27.39,25.4,25.4,25.4,11.65,28.689999999999998,20.3,62.9,22.7,42.8,22.7,14.45,18.2,12.0975,15.8,31.1,18.35,64.4,96.07,96.88499999999999,96.07,,,,,,,,,,97.7,,53.7,68.025,,,50.2,63.599999999999994,69.85,,55.8,,,98.3,,,,,65.0,155.0,155.0,,23.0,81.0,4.0,90.0,52.042500000000004,,,36.8,,,,,,,20.0,,,,,,95.6,,,17.3,,10.4,72.6,83.15,17.3,169.9,109.63,60.5,109.63,,9.5,,,40.8,109.63,,,,,,,,,,,,,,48.0,,50.0,28.0,,,,,36.8,,30.0,,,,,46.0,47.06,50.355000000000004,27.185,,54.15,45.4,90.4,,,15.32,,,,,,,125.6,125.6,125.6,,,,,61.0,,,,26.3,,,62.0,,,,,,,,,,,,,,,,,,,,,,103.35,103.35,,16.895,26.4,16.895,,67.80000000000001,67.85,,70.1,137.8,72.35,29.9
2022,,,,,,,,30.0,,,,13.0,13.0,,33.6,,,,,,,,,,,77.5,,,,,17.0,,,17.0,,,,,,,,,,,,,,,,,,,96.1,,89.45,,,77.5,,,,,,,,,,,,,,,,,,,,,,,,,,,,,,,,,,,,,,,,,,,,49.0,,49.0,,,60.0,60.0,48.75,,,,,23.0,23.0,,,23.0,,,,,,21.0,21.0,,21.0,105.0,,,116.03,,89.8,89.8,116.03,,93.1,,25.5,25.5,,33.7,33.7,33.7,,72.0,72.0,,,,,,,,,,,,,,,,,,,76.6,76.6,,,,,78.1,,,,,,,76.80000000000001,,23.1,23.1,,,,,,51.4,51.4,51.4,51.4,51.4,18.8,,25.5,123.3,14.7,,,,22.37,19.7,19.7,33.225,11.149999999999999,22.42,19.3,62.9,22.55,25.0,22.55,12.3,17.0,7.824999999999999,15.149999999999999,28.9,8.86,61.5,88.795,89.42,88.795,,,,,,,,,,94.8,,34.86,36.3375,,,34.05,35.60625,37.375,,56.05,,,99.0,,,,,,123.5,123.5,,,,,,52.31,,40.0,31.849999999999998,,,,,,,,,,,,31.3,83.5,,118.2,6.9,6.7,7.300000000000001,71.8,60.9,7.4,,110.0,31.5,85.445,,81.1,62.15,67.1,45.0,110.0,9.075,,,,,17.1,,52.3,,,,,64.0,61.075,,55.725,89.94999999999999,82.8,55.4,34.7,34.75,31.849999999999998,,30.05,34.75,,,,40.05,41.265,46.239999999999995,30.122500000000002,,56.25,48.5,52.2,,,14.47,,,,,,,130.1,130.1,130.1,,,,,,,,,27.4,30.8,30.8,,,,,,,,,,,23.3,,23.3,23.3,23.3,17.0,,14.2,,,,,,,,3.61,,3.61,,,60.9,,60.9,,60.9,29.0
2023,,,,,,,,,,,,,,,,,,,,,,,,,,71.0,,93.6,,,,,,,,,5.3,5.3,,44.0,59.8,,,,,30.575,,,,,,,,,,,,,,,,,,,,,13.0,,,,,,,,92.3,52.2,52.2,52.2,31.6,31.6,31.6,24.4,24.4,24.4,,,,96.5,,,,,,20.0,20.0,20.0,,,29.3,29.3,38.75,,,29.3,,,40.0,40.0,40.0,61.4,,60.6,,60.6,34.9,29.65,,47.75,24.4,24.4,,36.7,36.7,71.1,53.9,34.0,52.55,,,,116.35,,,,116.35,,92.5,,24.6,24.6,,11.2,11.2,11.2,,82.0,81.0,,,,,,,,,,124.8,,124.8,,,,38.0,,,81.5,81.5,,,,,79.4,,,,,,,85.75,25.0,24.0,22.9,,57.8,,,,53.9,53.9,53.9,53.9,53.9,19.8,,24.6,123.6,12.7,,,,16.83,19.45,19.45,27.675,12.15,17.880000000000003,18.0,60.6,21.8,41.2,21.8,12.1,16.9,16.0,15.2,34.5,22.9,68.65,87.98,95.39,87.98,,,,,,103.0,,,,100.2,,34.06,25.5875,,,28.25,27.075,38.45,,55.7,,,98.9,,,,17.0,,,,,82.5,,,,47.6875,,,31.4,,,,,,,,,,,,30.03,29.78,,,,,26.95,,72.45,7.0,181.3,108.86,,108.86,9.0,9.0,,,9.0,108.86,,,,,,,,,,,,,,45.0,,45.0,,,,,,31.4,,,,,,,27.787499999999998,37.9975,35.175,16.88,,55.375,,,15.0,15.0,9.97,,,36.15,24.8,76.1,,140.39999999999998,128.1,128.1,,,80.0,,72.0,,42.8,42.8,36.525,33.6,33.6,,,,,,,,,,,,,17.0,,17.0,17.0,,,,,,,,,,3.17,,3.17,,58.0,61.6,,59.8,,61.6,31.7
2024,,,,,,,,,,,,11.0,11.0,,,,,,,,,,,,,,,,,75.0,15.5,15.5,,16.0,,,,,,,,,,,,,,,,,,,,,,106.0,,106.0,106.0,,,,,,,,,,,,,,,,,,,,,,60.0,,,,,,,,,,,,,,,,,,,,,,,119.0,,,,,,,,,,,,,,,,,,,,,,,,,,,117.15,,,57.0,117.15,,,,,,,,,,88.4,,,,,,,,,,,,,,,,,94.0,,,,,,,,,,,,,,,,,,,,,,,,,,,,,,,,,,124.8,15.3,,,,27.495,33.3,33.3,49.1,12.1,26.495,20.0,67.7,,67.7,,14.05,15.850000000000001,7.9,15.950000000000001,,12.5,97.7,91.16,94.43,91.16,,,,,,104.5,,,,99.1,,52.47,40.95,,,33.0,39.9,42.0,,,57.7,,69.65,,,,,,,,,,,,,50.385,,,24.345,,,,,,,,,,,,,,,118.9,,,,,,,,108.71,,108.71,,,,,,108.71,,,,,,,,,,,,,,,,,,,,,,24.345,,,,,,,,35.864999999999995,52.4,13.24,,,,,19.0,19.0,15.96,,,,,,,,,,,,,,,,,,123.0,,,,,,,,,,,,,,,,,,,,,,,,,,,,10.13,,10.13,,,,,,,,
