,ID,Year,Zero_Flow
0,9379025,2000,201
1,9379025,2001,201
2,9379025,2002,244
3,9379025,2003,168
4,9379025,2004,168
5,9379025,2005,175
6,9379025,2006,206
7,9379025,2022,61
8,9379025,2023,157
9,9379025,2024,232
10,9379025,2025,14
11,9379050,2000,4
12,9379050,2001,19
13,9379050,2002,11
14,9379050,2003,7
15,9379050,2004,0
16,9379050,2005,6
17,9379050,2006,0
18,9379180,2000,164
19,9379180,2001,137
20,9379180,2002,175
21,9379180,2003,207
22,9379180,2004,183
23,9379180,2005,142
24,9379200,2000,119
25,9379200,2001,94
26,9379200,2002,84
27,9379200,2003,81
28,9379200,2004,99
29,9379200,2005,98
30,9379200,2006,91
31,9379200,2007,49
32,9379200,2008,85
33,9379200,2009,118
34,9379200,2010,83
35,9379200,2011,52
36,9379200,2012,91
37,9379200,2013,46
38,9379200,2014,53
39,9379200,2015,22
40,9379200,2016,54
41,9379200,2017,36
42,9379200,2018,87
43,9379200,2019,135
44,9379200,2020,210
45,9379200,2021,3
46,9379200,2022,52
47,9379200,2023,161
48,9379200,2024,105
49,9379200,2025,0
50,9379910,2000,0
51,9379910,2001,0
52,9379910,2002,0
53,9379910,2003,0
54,9379910,2004,0
55,9380000,2000,0
56,9380000,2001,0
57,9380000,2002,0
58,9380000,2003,0
59,9380000,2004,0
60,9380000,2005,0
61,9380000,2006,0
62,9380000,2007,0
63,9380000,2008,0
64,9380000,2009,0
65,9380000,2010,0
66,9380000,2011,0
67,9380000,2012,0
68,9380000,2013,0
69,9380000,2014,0
70,9380000,2015,0
71,9380000,2016,0
72,9380000,2017,0
73,9380000,2018,0
74,9380000,2019,0
75,9380000,2020,0
76,9380000,2021,0
77,9380000,2022,0
78,9380000,2023,0
79,9380000,2024,0
80,9380000,2025,0
81,9382000,2000,0
82,9382000,2001,0
83,9382000,2002,0
84,9382000,2003,0
85,9382000,2004,0
86,9382000,2005,0
87,9382000,2006,0
88,9382000,2007,0
89,9382000,2008,0
90,9382000,2009,0
91,9382000,2010,0
92,9382000,2011,0
93,9382000,2012,0
94,9382000,2013,0
95,9382000,2014,0
96,9382000,2015,0
97,9382000,2016,0
98,9382000,2017,0
99,9382000,2018,0
100,9382000,2019,0
101,9382000,2020,0
102,9382000,2021,0
103,9382000,2022,0
104,9382000,2023,0
105,9382000,2024,0
106,9382000,2025,0
107,9383100,2000,0
108,9383100,2001,0
109,9383100,2002,0
110,9383400,2008,0
111,9383400,2009,0
112,9383400,2010,0
113,9383400,2011,0
114,9383400,2012,0
115,9383400,2013,0
116,9383400,2014,0
117,9383400,2015,0
118,9383400,2016,0
119,9383400,2017,0
120,9383400,2018,0
121,9383400,2019,0
122,9383400,2020,0
123,9383400,2021,0
124,9383400,2022,0
125,9383400,2023,0
126,9383400,2024,0
127,9383400,2025,0
128,9383417,2013,1
129,9383417,2014,331
130,9383417,2015,257
131,9383420,2008,82
132,9383420,2009,130
133,9383420,2010,101
134,9383420,2011,140
135,9383420,2012,113
136,9383420,2013,79
137,9383430,2008,0
138,9383430,2009,0
139,9383430,2010,0
140,9383430,2011,0
141,9383430,2012,0
142,9383430,2013,0
143,9383500,2008,12
144,9383500,2009,187
145,9383500,2010,69
146,9383500,2011,29
147,9383500,2012,102
148,9383500,2013,36
149,9383500,2014,23
150,9383500,2015,0
151,9383570,2008,0
152,9383570,2009,0
153,9383570,2010,8
154,9383570,2011,0
155,9383570,2012,28
156,9383570,2013,19
157,9383590,2008,18
158,9383590,2009,148
159,9383590,2010,291
160,9383590,2011,313
161,9383590,2012,261
162,9383595,2008,0
163,9383595,2009,0
164,9383595,2010,0
165,9383595,2011,0
166,9383595,2012,0
167,9383595,2013,0
168,9384000,2000,0
169,9384000,2001,0
170,9384000,2002,0
171,9384000,2003,0
172,9384000,2004,0
173,9384000,2005,0
174,9384000,2006,0
175,9384000,2007,0
176,9384000,2008,0
177,9384000,2009,0
178,9384000,2010,0
179,9384000,2011,0
180,9384000,2012,0
181,9384000,2013,0
182,9384000,2014,0
183,9384000,2015,0
184,9384000,2016,0
185,9384000,2017,0
186,9384000,2018,0
187,9384000,2019,0
188,9384000,2020,0
189,9384000,2021,0
190,9384000,2022,0
191,9384000,2023,0
192,9384000,2024,0
193,9384000,2025,0
194,9385700,2002,0
195,9385700,2003,0
196,9385700,2004,0
197,9385700,2005,0
198,9385700,2006,0
199,9385700,2007,0
200,9385700,2008,0
201,9385700,2009,0
202,9385700,2010,11
203,9385700,2011,0
204,9385700,2012,65
205,9385700,2013,62
206,9385700,2014,21
207,9385700,2015,0
208,9385700,2016,37
209,9385700,2017,13
210,9385700,2018,0
211,9385700,2019,0
212,9385700,2020,44
213,9385700,2021,61
214,9385700,2022,170
215,9385700,2023,122
216,9385700,2024,80
217,9385700,2025,14
218,9386030,2000,0
219,9386030,2001,2
220,9386030,2002,0
221,9386030,2003,96
222,9386030,2004,143
223,9386030,2005,171
224,9386030,2006,183
225,9386030,2007,330
226,9386030,2008,333
227,9386030,2009,365
228,9386030,2010,332
229,9386030,2011,286
230,9386030,2012,331
231,9386030,2013,315
232,9386030,2014,283
233,9386030,2015,313
234,9386030,2016,319
235,9386030,2017,260
236,9386030,2018,291
237,9386030,2019,228
238,9386030,2020,239
239,9386030,2021,310
240,9386030,2022,312
241,9386030,2023,220
242,9386030,2024,250
243,9386030,2025,14
244,9386250,2000,342
245,9386250,2001,333
246,9386250,2002,326
247,9386250,2003,336
248,9386250,2004,360
249,9386250,2005,341
250,9386250,2006,319
251,9386250,2007,296
252,9386250,2008,346
253,9386250,2009,360
254,9386250,2010,330
255,9386250,2011,327
256,9386250,2012,337
257,9386250,2013,237
258,9386300,2000,238
259,9386300,2001,269
260,9386300,2002,183
261,9386300,2003,269
262,9386300,2004,351
263,9386300,2005,348
264,9386300,2006,286
265,9386300,2007,313
266,9386300,2008,352
267,9386300,2009,363
268,9386300,2010,304
269,9386300,2011,283
270,9386300,2012,347
271,9386300,2013,299
272,9386300,2014,304
273,9386300,2015,260
274,9386300,2016,340
275,9386300,2017,300
276,9386300,2018,254
277,9386300,2019,279
278,9386300,2020,299
279,9386300,2021,274
280,9386300,2022,277
281,9386300,2023,287
282,9386300,2024,252
283,9386300,2025,14
284,9390500,2000,0
285,9390500,2001,0
286,9390500,2002,0
287,9390500,2003,0
288,9390500,2004,0
289,9390500,2005,0
290,9390500,2006,0
291,9390500,2007,0
292,9390500,2008,0
293,9390500,2009,0
294,9390500,2010,0
295,9390500,2011,0
296,9390500,2012,0
297,9390500,2013,0
298,9390500,2014,0
299,9390500,2015,0
300,9390500,2016,0
301,9390500,2017,0
302,9390500,2018,0
303,9390500,2019,0
304,9390500,2020,0
305,9390500,2021,0
306,9390500,2022,0
307,9390500,2023,0
308,9390500,2024,0
309,9390500,2025,0
310,9392000,2000,0
311,9392000,2001,0
312,9392000,2002,7
313,9392000,2003,0
314,9392000,2004,4
315,9392000,2005,0
316,9394500,2000,41
317,9394500,2001,26
318,9394500,2002,65
319,9394500,2003,41
320,9394500,2004,35
321,9394500,2005,21
322,9394500,2006,11
323,9394500,2007,65
324,9394500,2008,17
325,9394500,2009,0
326,9394500,2010,6
327,9394500,2011,41
328,9394500,2012,49
329,9394500,2013,64
330,9394500,2014,13
331,9394500,2015,0
332,9394500,2016,43
333,9394500,2017,22
334,9394500,2018,25
335,9394500,2019,42
336,9394500,2020,91
337,9394500,2021,68
338,9394500,2022,17
339,9394500,2023,4
340,9394500,2024,10
341,9394500,2025,0
342,9396100,2001,0
343,9396100,2002,0
344,9396100,2003,0
345,9396100,2004,0
346,9396100,2005,0
347,9396100,2006,0
348,9396100,2007,0
349,9396100,2008,0
350,9396100,2010,0
351,9396100,2012,0
352,9396100,2013,1
353,9396100,2014,0
354,9396100,2015,103
355,9396100,2016,182
356,9396100,2017,222
357,9396100,2018,281
358,9396100,2019,273
359,9396100,2020,34
360,9396100,2021,0
361,9396100,2022,0
362,9396100,2023,0
363,9396100,2024,0
364,9397000,2003,0
365,9397000,2004,21
366,9397000,2005,26
367,9397000,2006,24
368,9397000,2007,39
369,9397000,2008,18
370,9397000,2009,28
371,9397000,2010,51
372,9397000,2011,73
373,9397000,2012,53
374,9397000,2013,26
375,9397000,2014,49
376,9397000,2015,4
377,9397000,2016,44
378,9397000,2017,56
379,9397000,2018,96
380,9397000,2019,87
381,9397000,2020,0
382,9397000,2021,0
383,9397000,2022,0
384,9397000,2023,0
385,9397000,2024,0
386,9397300,2000,0
387,9397300,2001,0
388,9397300,2002,0
389,9397300,2003,0
390,9397300,2004,0
391,9397300,2005,0
392,9397300,2006,0
393,9397300,2007,29
394,9397300,2008,12
395,9397300,2009,0
396,9397300,2010,0
397,9397300,2011,0
398,9397300,2012,0
399,9397300,2013,0
400,9397300,2014,3
401,9397300,2015,45
402,9397300,2016,314
403,9397300,2017,281
404,9397300,2018,251
405,9397300,2019,226
406,9397300,2020,21
407,9397300,2021,0
408,9397300,2022,0
409,9397300,2023,0
410,9397300,2024,0
411,9397500,2000,277
412,9397500,2001,264
413,9397500,2002,365
414,9397500,2003,313
415,9397500,2004,281
416,9397500,2005,229
417,9397500,2006,365
418,9397500,2007,247
419,9397500,2008,239
420,9397500,2009,266
421,9397500,2010,271
422,9397500,2011,262
423,9397500,2012,265
424,9397500,2013,237
425,9397500,2014,312
426,9397500,2015,237
427,9397500,2016,202
428,9397500,2017,255
429,9397500,2018,365
430,9397500,2019,237
431,9397500,2020,248
432,9397500,2021,359
433,9397500,2022,218
434,9397500,2023,229
435,9397500,2024,291
436,9397500,2025,14
437,9398000,2005,0
438,9398000,2006,0
439,9398000,2020,0
440,9398000,2021,0
441,9398000,2022,0
442,9398000,2023,0
443,9398000,2024,0
444,9398000,2025,0
445,9399000,2005,23
446,9399000,2006,1
447,9399400,2006,89
448,9399400,2007,344
449,9399400,2008,310
450,9399400,2009,347
451,9399400,2010,310
452,9399400,2011,339
453,9399400,2012,335
454,9399400,2013,313
455,9399400,2014,344
456,9399400,2015,322
457,9399400,2016,350
458,9399400,2017,311
459,9399400,2018,342
460,9399400,2019,293
461,9399400,2020,356
462,9399400,2021,334
463,9399400,2022,315
464,9399400,2023,304
465,9399400,2024,338
466,9399400,2025,14
467,9400000,2001,0
468,9400000,2002,0
469,9400350,2001,0
470,9400350,2002,0
471,9400350,2003,0
472,9400350,2004,0
473,9400350,2005,0
474,9400350,2006,0
475,9400350,2007,0
476,9400350,2008,0
477,9400350,2009,0
478,9400350,2010,0
479,9400350,2011,0
480,9400350,2012,0
481,9400350,2013,0
482,9400350,2014,0
483,9400350,2015,0
484,9400350,2016,0
485,9400350,2017,0
486,9400350,2018,0
487,9400350,2019,0
488,9400350,2020,0
489,9400350,2021,0
490,9400350,2022,0
491,9400350,2023,0
492,9400350,2024,0
493,9400350,2025,0
494,9400562,2000,308
495,9400562,2001,336
496,9400562,2002,341
497,9400562,2003,316
498,9400562,2004,309
499,9400562,2005,323
500,9400562,2006,310
501,9400562,2007,314
502,9400562,2008,287
503,9400562,2009,352
504,9400562,2010,313
505,9400562,2011,317
506,9400562,2012,342
507,9400562,2013,298
508,9400568,2000,17
509,9400568,2001,20
510,9400568,2002,77
511,9400568,2003,48
512,9400568,2004,35
513,9400568,2005,87
514,9400568,2006,41
515,9400568,2007,0
516,9400568,2008,0
517,9400568,2009,0
518,9400568,2010,0
519,9400568,2011,0
520,9400568,2012,0
521,9400568,2013,3
522,9400568,2014,0
523,9400568,2015,10
524,9400568,2016,78
525,9400568,2017,71
526,9400568,2018,70
527,9400568,2019,154
528,9400568,2020,119
529,9400583,2000,321
530,9400583,2001,327
531,9400583,2002,350
532,9400583,2003,327
533,9400583,2004,290
534,9400583,2005,239
535,9400815,2014,92
536,9400815,2015,249
537,9400815,2016,266
538,9400815,2017,259
539,9400815,2018,288
540,9400815,2019,223
541,9400815,2020,271
542,9400815,2021,268
543,9400815,2022,231
544,9400815,2023,212
545,9400815,2024,245
546,9400815,2025,13
547,9401110,2000,0
548,9401110,2001,0
549,9401110,2002,0
550,9401110,2003,0
551,9401110,2004,0
552,9401110,2005,0
553,9401110,2006,0
554,9401110,2007,0
555,9401110,2008,0
556,9401110,2009,0
557,9401110,2010,0
558,9401110,2011,0
559,9401110,2012,0
560,9401110,2013,0
561,9401110,2014,0
562,9401110,2015,0
563,9401110,2016,0
564,9401110,2017,0
565,9401110,2018,0
566,9401110,2019,0
567,9401110,2020,0
568,9401260,2000,109
569,9401260,2001,85
570,9401260,2002,83
571,9401260,2003,70
572,9401260,2004,82
573,9401260,2005,100
574,9401260,2006,65
575,9401260,2007,78
576,9401260,2008,96
577,9401260,2009,155
578,9401260,2010,98
579,9401260,2011,76
580,9401260,2012,64
581,9401260,2013,14
582,9401260,2014,52
583,9401260,2015,14
584,9401260,2016,55
585,9401260,2017,105
586,9401260,2018,78
587,9401260,2019,172
588,9401260,2020,192
589,9401260,2021,55
590,9401260,2022,14
591,9401260,2023,82
592,9401260,2024,100
593,9401260,2025,0
594,9402000,2000,110
595,9402000,2001,92
596,9402000,2002,200
597,9402000,2003,112
598,9402000,2004,89
599,9402000,2005,141
600,9402000,2006,164
601,9402000,2007,135
602,9402000,2008,116
603,9402000,2009,152
604,9402000,2010,137
605,9402000,2011,112
606,9402000,2012,212
607,9402000,2013,148
608,9402000,2014,201
609,9402000,2015,87
610,9402000,2016,109
611,9402000,2017,179
612,9402000,2018,207
613,9402000,2019,65
614,9402000,2020,209
615,9402000,2021,263
616,9402000,2022,129
617,9402000,2023,75
618,9402000,2024,103
619,9402000,2025,14
620,9402300,2003,0
621,9402300,2004,0
622,9402300,2005,0
623,9402300,2006,0
624,9402300,2007,0
625,9402300,2008,0
626,9402300,2009,0
627,9402300,2010,0
628,9402300,2011,0
629,9402300,2012,0
630,9402300,2013,0
631,9402300,2014,0
632,9402300,2015,0
633,9402300,2016,0
634,9402300,2017,0
635,9402300,2018,0
636,9402300,2019,0
637,9402300,2020,0
638,9402300,2021,0
639,9402300,2022,0
640,9402300,2023,0
641,9402300,2024,0
642,9402300,2025,0
643,9402450,2017,3
644,9402450,2018,247
645,9402450,2019,247
646,9402450,2020,355
647,9402450,2021,33
648,9402500,2000,0
649,9402500,2001,0
650,9402500,2002,0
651,9402500,2003,0
652,9402500,2004,0
653,9402500,2005,0
654,9402500,2006,0
655,9402500,2007,0
656,9402500,2008,0
657,9402500,2009,0
658,9402500,2010,0
659,9402500,2011,0
660,9402500,2012,0
661,9402500,2013,0
662,9402500,2014,0
663,9402500,2015,0
664,9402500,2016,0
665,9402500,2017,0
666,9402500,2018,0
667,9402500,2019,0
668,9402500,2020,0
669,9402500,2021,0
670,9402500,2022,0
671,9402500,2023,0
672,9402500,2024,0
673,9402500,2025,0
674,9402501,2001,0
675,9402501,2002,0
676,9402501,2003,0
677,9402501,2004,0
678,9402501,2005,0
679,9403013,2016,0
680,9403013,2017,0
681,9403013,2018,0
682,9403013,2019,0
683,9403013,2020,0
684,9403013,2021,0
685,9403013,2022,0
686,9403013,2024,0
687,9403013,2025,0
688,9403043,2017,0
689,9403043,2018,0
690,9403043,2019,0
691,9403043,2020,0
692,9403043,2021,0
693,9403043,2022,0
694,9403850,2010,0
695,9403850,2011,0
696,9403850,2012,0
697,9403850,2013,0
698,9403850,2014,0
699,9403850,2015,0
700,9403850,2016,0
701,9403850,2017,0
702,9403850,2018,0
703,9403850,2019,0
704,9403850,2020,0
705,9403850,2021,0
706,9403850,2022,0
707,9403850,2023,0
708,9403850,2024,0
709,9403850,2025,0
710,9404104,2008,21
711,9404104,2009,364
712,9404104,2010,312
713,9404104,2011,351
714,9404104,2012,350
715,9404104,2013,353
716,9404104,2014,363
717,9404104,2015,362
718,9404104,2016,366
719,9404104,2017,365
720,9404104,2018,362
721,9404104,2019,363
722,9404104,2020,366
723,9404104,2021,353
724,9404104,2022,306
725,9404104,2023,328
726,9404104,2024,349
727,9404104,2025,14
728,9404112,2000,0
729,9404115,2000,0
730,9404115,2001,0
731,9404115,2002,0
732,9404115,2003,0
733,9404115,2004,0
734,9404115,2005,0
735,9404115,2006,0
736,9404115,2007,0
737,9404115,2008,0
738,9404115,2009,0
739,9404115,2010,0
740,9404115,2011,0
741,9404115,2012,0
742,9404115,2013,0
743,9404115,2014,0
744,9404115,2015,0
745,9404115,2016,0
746,9404115,2017,0
747,9404115,2018,0
748,9404115,2019,0
749,9404115,2020,0
750,9404115,2021,0
751,9404115,2022,0
752,9404115,2023,0
753,9404115,2024,0
754,9404115,2025,0
755,9404200,2000,0
756,9404200,2001,0
757,9404200,2002,0
758,9404200,2003,0
759,9404200,2004,0
760,9404200,2005,0
761,9404200,2006,0
762,9404200,2007,0
763,9404200,2008,0
764,9404200,2009,0
765,9404200,2010,0
766,9404200,2011,0
767,9404200,2012,0
768,9404200,2013,0
769,9404200,2014,0
770,9404200,2015,0
771,9404200,2016,0
772,9404200,2017,0
773,9404200,2018,0
774,9404200,2019,0
775,9404200,2020,0
776,9404200,2021,0
777,9404200,2022,0
778,9404200,2023,0
779,9404200,2024,0
780,9404200,2025,0
781,9404208,2000,0
782,9404208,2001,0
783,9404208,2002,0
784,9404208,2003,0
785,9404208,2004,0
786,9404208,2005,0
787,9404208,2006,0
788,9404208,2007,0
789,9404208,2008,0
790,9404208,2009,0
791,9404208,2010,0
792,9404208,2011,0
793,9404208,2012,0
794,9404208,2013,0
795,9404208,2014,0
796,9404208,2015,0
797,9404208,2016,0
798,9404208,2017,0
799,9404208,2018,0
800,9404208,2019,0
801,9404208,2020,0
802,9404208,2021,0
803,9404208,2022,0
804,9404208,2023,0
805,9404208,2024,0
806,9404208,2025,0
807,9404222,2000,0
808,9404222,2001,0
809,9404222,2002,0
810,9404222,2003,0
811,9404222,2004,0
812,9404222,2005,0
813,9404222,2006,0
814,9404222,2007,0
815,9404222,2008,0
816,9404222,2009,0
817,9404222,2010,0
818,9404222,2011,0
819,9404222,2012,0
820,9404222,2013,0
821,9404222,2014,0
822,9404222,2015,0
823,9404222,2016,0
824,9404222,2017,0
825,9404222,2018,0
826,9404222,2019,0
827,9404222,2020,0
828,9404222,2021,0
829,9404222,2022,0
830,9404222,2023,0
831,9404222,2024,0
832,9404222,2025,0
833,9413700,2000,0
834,9413700,2001,10
835,9413700,2002,24
836,9413700,2003,33
837,9413700,2004,0
838,9413700,2005,0
839,9413700,2006,5
840,9413700,2007,0
841,9413700,2008,0
842,9413700,2009,0
843,9413700,2010,0
844,9413700,2011,0
845,9413700,2012,0
846,9413700,2013,0
847,9413700,2014,0
848,9413700,2015,0
849,9413700,2016,0
850,9413700,2017,0
851,9413700,2018,11
852,9413700,2019,0
853,9413700,2020,0
854,9413700,2021,10
855,9413700,2022,7
856,9413700,2023,0
857,9413700,2024,0
858,9413700,2025,0
859,9414900,2000,0
860,9414900,2001,0
861,9414900,2002,0
862,9414900,2003,0
863,9414900,2004,0
864,9414900,2005,0
865,9414900,2006,0
866,9414900,2007,0
867,9414900,2008,0
868,9414900,2009,0
869,9414900,2010,0
870,9414900,2011,0
871,9414900,2012,0
872,9414900,2013,0
873,9414900,2014,0
874,9414900,2015,0
875,9414900,2016,0
876,9414900,2017,142
877,9415000,2000,0
878,9415000,2001,0
879,9415000,2002,0
880,9415000,2003,0
881,9415000,2004,0
882,9415000,2005,0
883,9415000,2006,0
884,9415000,2007,0
885,9415000,2008,0
886,9415000,2009,0
887,9415000,2010,0
888,9415000,2011,0
889,9415000,2012,0
890,9415000,2013,0
891,9415000,2014,0
892,9415000,2015,0
893,9415000,2016,0
894,9415000,2017,0
895,9415000,2018,0
896,9415000,2019,0
897,9415000,2020,0
898,9415000,2021,0
899,9415000,2022,0
900,9415000,2023,0
901,9415000,2024,0
902,9415000,2025,0
903,9415060,2008,14
904,9415060,2009,86
905,9415060,2010,125
906,9415060,2011,145
907,9415060,2012,117
908,9415060,2013,118
909,9415060,2014,136
910,9415060,2015,104
911,9415060,2016,32
912,9415060,2017,23
913,9415060,2018,20
914,9415060,2019,68
915,9415060,2020,30
916,9415060,2021,9
917,9415060,2022,16
918,9415060,2023,48
919,9415060,2024,28
920,9415060,2025,2
921,9423560,2018,15
922,9423560,2019,45
923,9423560,2020,58
924,9423560,2021,56
925,9423560,2022,74
926,9423560,2023,97
927,9423560,2024,17
928,9423560,2025,7
929,9424380,2019,0
930,9424380,2020,0
931,9424380,2021,0
932,9424380,2022,18
933,9424380,2023,0
934,9424380,2024,0
935,9424380,2025,0
936,9424447,2004,149
937,9424447,2005,0
938,9424447,2006,0
939,9424447,2008,0
940,9424447,2009,0
941,9424447,2010,0
942,9424447,2011,0
943,9424447,2012,36
944,9424447,2013,66
945,9424447,2014,118
946,9424447,2015,137
947,9424447,2016,179
948,9424447,2017,25
949,9424447,2018,93
950,9424447,2019,172
951,9424447,2020,185
952,9424447,2021,76
953,9424447,2022,71
954,9424447,2023,163
955,9424447,2024,221
956,9424447,2025,0
957,9424450,2000,0
958,9424450,2001,0
959,9424450,2002,0
960,9424450,2003,0
961,9424450,2004,0
962,9424450,2005,0
963,9424450,2006,0
964,9424450,2007,0
965,9424450,2008,0
966,9424450,2009,0
967,9424450,2010,0
968,9424450,2011,0
969,9424450,2012,0
970,9424450,2013,0
971,9424450,2014,0
972,9424450,2015,0
973,9424450,2016,0
974,9424450,2017,0
975,9424450,2018,0
976,9424450,2019,0
977,9424450,2020,0
978,9424450,2021,0
979,9424450,2022,0
980,9424450,2023,0
981,9424450,2024,0
982,9424450,2025,0
983,9424580,2016,116
984,9424580,2017,247
985,9424580,2018,345
986,9424580,2019,204
987,9424580,2020,219
988,9424580,2021,328
989,9424580,2022,320
990,9424580,2023,207
991,9424580,2024,259
992,9424580,2025,14
993,9424600,2016,117
994,9424600,2017,284
995,9424600,2018,347
996,9424600,2019,230
997,9424600,2020,255
998,9424600,2021,346
999,9424600,2022,349
1000,9424600,2023,288
1001,9424600,2024,331
1002,9424600,2025,14
1003,9424900,2000,233
1004,9424900,2001,258
1005,9424900,2002,365
1006,9424900,2003,320
1007,9424900,2004,284
1008,9424900,2005,91
1009,9424900,2006,234
1010,9424900,2007,325
1011,9424900,2008,259
1012,9424900,2009,305
1013,9424900,2010,261
1014,9424900,2011,269
1015,9424900,2012,324
1016,9424900,2013,264
1017,9424900,2014,307
1018,9424900,2015,252
1019,9424900,2016,266
1020,9424900,2017,286
1021,9424900,2018,357
1022,9424900,2019,222
1023,9424900,2020,228
1024,9424900,2021,358
1025,9424900,2022,329
1026,9424900,2023,305
1027,9424900,2024,297
1028,9424900,2025,14
1029,9426000,2000,0
1030,9426000,2001,3
1031,9426000,2002,0
1032,9426000,2003,0
1033,9426000,2004,0
1034,9426000,2005,0
1035,9426000,2006,0
1036,9426000,2007,0
1037,9426000,2008,0
1038,9426000,2009,0
1039,9426000,2010,0
1040,9426000,2011,0
1041,9426000,2012,0
1042,9426000,2013,0
1043,9426000,2014,0
1044,9426000,2015,0
1045,9426000,2016,0
1046,9426000,2017,0
1047,9426000,2018,0
1048,9426000,2019,0
1049,9426000,2020,0
1050,9426000,2021,0
1051,9426000,2022,0
1052,9426000,2023,0
1053,9426000,2024,0
1054,9426000,2025,0
1055,9426620,2001,198
1056,9426620,2002,120
1057,9426620,2003,142
1058,9426620,2004,72
1059,9426620,2005,0
1060,9426620,2006,0
1061,9426620,2007,0
1062,9426620,2008,17
1063,9426620,2009,0
1064,9426620,2010,0
1065,9426620,2011,0
1066,9426620,2012,0
1067,9426620,2013,52
1068,9426620,2014,209
1069,9426620,2015,255
1070,9426620,2016,323
1071,9426620,2017,365
1072,9426620,2018,72
1073,9426620,2019,157
1074,9426620,2020,0
1075,9426620,2021,0
1076,9426620,2022,38
1077,9426620,2023,0
1078,9426620,2024,0
1079,9426620,2025,0
1080,9428500,2010,0
1081,9428500,2011,14
1082,9428500,2012,9
1083,9428500,2013,14
1084,9428500,2014,13
1085,9428500,2015,13
1086,9428500,2016,15
1087,9428500,2017,18
1088,9428500,2018,13
1089,9428500,2019,9
1090,9428500,2020,20
1091,9428500,2021,18
1092,9428500,2022,13
1093,9428500,2023,15
1094,9428500,2024,0
1095,9428500,2025,4
1096,9428505,2000,103
1097,9428505,2001,133
1098,9428505,2002,144
1099,9428505,2003,48
1100,9428505,2004,29
1101,9428505,2005,41
1102,9428505,2006,10
1103,9428505,2007,12
1104,9428505,2008,15
1105,9428505,2009,24
1106,9428505,2010,31
1107,9428505,2011,15
1108,9428505,2012,10
1109,9428505,2013,13
1110,9428505,2014,10
1111,9428505,2015,14
1112,9428505,2016,13
1113,9428505,2017,21
1114,9428505,2018,16
1115,9428505,2019,29
1116,9428505,2020,14
1117,9428505,2021,22
1118,9428505,2022,13
1119,9428505,2023,24
1120,9428505,2024,17
1121,9428505,2025,1
1122,9428508,2000,0
1123,9428508,2001,0
1124,9428508,2002,0
1125,9428508,2003,0
1126,9428508,2004,0
1127,9428508,2005,0
1128,9428508,2006,0
1129,9428508,2007,0
1130,9428508,2008,0
1131,9428508,2009,0
1132,9428510,2009,0
1133,9428510,2010,0
1134,9428510,2011,0
1135,9428510,2012,0
1136,9428510,2013,0
1137,9428510,2014,0
1138,9428510,2015,0
1139,9428510,2016,0
1140,9428510,2017,0
1141,9428510,2018,0
1142,9428510,2019,0
1143,9428510,2020,0
1144,9428510,2021,0
1145,9428510,2022,0
1146,9428510,2023,0
1147,9428510,2024,1
1148,9428510,2025,0
1149,9429030,2004,0
1150,9429030,2005,0
1151,9429030,2006,0
1152,9429030,2007,0
1153,9429030,2008,0
1154,9429030,2009,0
1155,9429030,2010,0
1156,9429030,2011,0
1157,9429030,2012,0
1158,9429030,2013,0
1159,9429030,2014,0
1160,9429030,2015,0
1161,9429030,2016,0
1162,9429030,2017,0
1163,9429030,2018,0
1164,9429030,2019,0
1165,9429030,2020,0
1166,9429030,2021,0
1167,9429030,2022,0
1168,9429030,2023,0
1169,9429030,2024,0
1170,9429030,2025,0
1171,9429060,2000,0
1172,9429060,2001,0
1173,9429060,2002,0
1174,9429060,2003,0
1175,9429060,2004,0
1176,9429060,2005,0
1177,9429060,2006,0
1178,9429060,2007,0
1179,9429060,2008,0
1180,9429060,2009,0
1181,9429070,2009,0
1182,9429070,2010,0
1183,9429070,2011,0
1184,9429070,2012,0
1185,9429070,2013,0
1186,9429070,2014,0
1187,9429070,2015,0
1188,9429070,2016,0
1189,9429070,2017,0
1190,9429070,2018,0
1191,9429070,2022,0
1192,9429070,2023,0
1193,9429070,2024,0
1194,9429070,2025,0
1195,9439000,2003,0
1196,9439000,2004,0
1197,9439000,2005,15
1198,9439000,2006,45
1199,9439000,2007,4
1200,9439000,2008,0
1201,9439000,2009,17
1202,9439000,2010,0
1203,9439000,2011,47
1204,9439000,2012,45
1205,9439000,2013,25
1206,9439000,2014,0
1207,9439000,2015,0
1208,9439000,2016,9
1209,9439000,2017,0
1210,9439000,2018,2
1211,9439000,2019,93
1212,9439000,2020,154
1213,9439000,2021,49
1214,9439000,2022,6
1215,9439000,2023,121
1216,9439000,2024,76
1217,9439000,2025,0
1218,9442000,2000,0
1219,9442000,2001,0
1220,9442000,2002,0
1221,9442000,2003,0
1222,9442000,2004,0
1223,9442000,2005,0
1224,9442000,2006,0
1225,9442000,2007,0
1226,9442000,2008,0
1227,9442000,2009,0
1228,9442000,2010,0
1229,9442000,2011,0
1230,9442000,2012,0
1231,9442000,2013,0
1232,9442000,2014,0
1233,9442000,2015,0
1234,9442000,2016,0
1235,9442000,2017,0
1236,9442000,2018,0
1237,9442000,2019,0
1238,9442000,2020,0
1239,9442000,2021,0
1240,9442000,2022,0
1241,9442000,2023,0
1242,9442000,2024,0
1243,9442000,2025,0
1244,9444200,2000,0
1245,9444200,2001,0
1246,9444200,2002,0
1247,9444200,2003,0
1248,9444200,2004,0
1249,9444200,2005,0
1250,9444200,2006,0
1251,9444200,2007,0
1252,9444200,2008,0
1253,9444200,2009,0
1254,9444200,2010,0
1255,9444200,2011,0
1256,9444200,2012,0
1257,9444200,2013,0
1258,9444200,2014,0
1259,9444200,2015,0
1260,9444200,2016,0
1261,9444200,2017,0
1262,9444200,2018,0
1263,9444200,2019,0
1264,9444200,2020,0
1265,9444200,2021,0
1266,9444200,2022,0
1267,9444200,2023,0
1268,9444200,2024,0
1269,9444200,2025,0
1270,9444500,2000,0
1271,9444500,2001,0
1272,9444500,2002,0
1273,9444500,2003,0
1274,9444500,2004,0
1275,9444500,2005,0
1276,9444500,2006,0
1277,9444500,2007,0
1278,9444500,2008,0
1279,9444500,2009,0
1280,9444500,2010,0
1281,9444500,2011,0
1282,9444500,2012,0
1283,9444500,2013,0
1284,9444500,2014,0
1285,9444500,2015,0
1286,9444500,2016,0
1287,9444500,2017,0
1288,9444500,2018,0
1289,9444500,2019,0
1290,9444500,2020,0
1291,9444500,2021,0
1292,9444500,2022,0
1293,9444500,2023,0
1294,9444500,2024,0
1295,9444500,2025,0
1296,9445000,2000,0
1297,9445000,2001,0
1298,9445000,2002,2
1299,9446320,2018,35
1300,9446320,2019,196
1301,9446320,2020,239
1302,9446320,2021,197
1303,9446320,2022,105
1304,9446320,2023,220
1305,9446320,2024,243
1306,9446320,2025,14
1307,9446500,2018,0
1308,9446500,2019,0
1309,9446500,2020,0
1310,9446500,2021,0
1311,9446500,2022,0
1312,9446500,2023,0
1313,9446500,2024,0
1314,9446500,2025,0
1315,9447000,2000,0
1316,9447000,2001,0
1317,9447000,2002,0
1318,9447000,2003,0
1319,9447000,2004,0
1320,9447000,2005,0
1321,9447000,2006,0
1322,9447000,2007,0
1323,9447000,2008,0
1324,9447000,2009,0
1325,9447000,2010,0
1326,9447000,2011,0
1327,9447000,2012,0
1328,9447000,2013,0
1329,9447000,2014,0
1330,9447000,2015,0
1331,9447000,2016,0
1332,9447000,2017,0
1333,9447000,2018,0
1334,9447000,2019,0
1335,9447000,2020,0
1336,9447000,2021,0
1337,9447000,2022,0
1338,9447000,2023,0
1339,9447000,2024,0
1340,9447000,2025,0
1341,9447800,2000,0
1342,9447800,2001,0
1343,9447800,2002,0
1344,9447800,2003,0
1345,9447800,2004,0
1346,9447800,2005,0
1347,9447800,2006,0
1348,9447800,2007,0
1349,9447800,2008,0
1350,9447800,2009,0
1351,9447800,2010,0
1352,9447800,2011,0
1353,9447800,2012,0
1354,9447800,2013,0
1355,9447800,2014,0
1356,9447800,2015,0
1357,9447800,2016,0
1358,9447800,2017,0
1359,9447800,2018,0
1360,9447800,2019,0
1361,9447800,2020,0
1362,9447800,2021,2
1363,9447800,2022,0
1364,9447800,2023,2
1365,9447800,2024,0
1366,9447800,2025,0
1367,9448500,2000,0
1368,9448500,2001,0
1369,9448500,2002,0
1370,9448500,2003,0
1371,9448500,2004,0
1372,9448500,2005,0
1373,9448500,2006,0
1374,9448500,2007,0
1375,9448500,2008,0
1376,9448500,2013,0
1377,9448500,2014,0
1378,9448500,2015,0
1379,9448500,2016,0
1380,9448500,2017,0
1381,9448500,2018,0
1382,9448500,2019,0
1383,9448500,2020,0
1384,9448500,2021,0
1385,9448500,2022,0
1386,9448500,2023,0
1387,9448500,2024,0
1388,9448500,2025,0
1389,9457000,2021,75
1390,9457000,2022,265
1391,9457000,2023,311
1392,9457000,2024,309
1393,9457000,2025,14
1394,9460150,2000,1
1395,9460150,2001,0
1396,9460150,2002,132
1397,9460150,2003,50
1398,9460150,2004,0
1399,9460150,2005,0
1400,9460150,2006,0
1401,9460150,2007,0
1402,9460150,2008,0
1403,9460150,2009,0
1404,9460150,2010,0
1405,9460150,2011,0
1406,9460150,2012,0
1407,9460150,2013,0
1408,9460150,2014,0
1409,9460150,2015,0
1410,9466500,2000,22
1411,9466500,2001,0
1412,9466500,2002,24
1413,9466500,2003,101
1414,9466500,2004,14
1415,9466500,2005,0
1416,9466500,2006,21
1417,9466500,2007,0
1418,9466500,2008,0
1419,9466500,2009,45
1420,9466500,2010,0
1421,9466500,2011,24
1422,9466500,2012,10
1423,9466500,2013,2
1424,9466500,2014,11
1425,9466500,2015,0
1426,9466500,2016,0
1427,9466500,2017,0
1428,9466500,2018,1
1429,9466500,2019,5
1430,9466500,2020,89
1431,9466500,2021,0
1432,9466500,2022,0
1433,9466500,2023,0
1434,9466500,2024,0
1435,9466500,2025,0
1436,9468500,2000,47
1437,9468500,2001,137
1438,9468500,2002,170
1439,9468500,2003,139
1440,9468500,2004,208
1441,9468500,2005,179
1442,9468500,2006,91
1443,9468500,2007,162
1444,9468500,2008,181
1445,9468500,2009,263
1446,9468500,2010,151
1447,9468500,2011,62
1448,9468500,2012,186
1449,9468500,2013,124
1450,9468500,2014,56
1451,9468500,2015,123
1452,9468500,2016,206
1453,9468500,2017,195
1454,9468500,2018,264
1455,9468500,2019,167
1456,9468500,2020,203
1457,9468500,2021,96
1458,9468500,2022,107
1459,9468500,2023,204
1460,9468500,2024,226
1461,9468500,2025,14
1462,9469500,2000,0
1463,9469500,2001,0
1464,9469500,2002,0
1465,9469500,2003,0
1466,9469500,2004,0
1467,9469500,2005,0
1468,9469500,2006,0
1469,9469500,2007,0
1470,9469500,2008,0
1471,9469500,2009,0
1472,9469500,2010,0
1473,9469500,2011,0
1474,9469500,2012,0
1475,9469500,2013,0
1476,9469500,2014,0
1477,9469500,2015,0
1478,9469500,2016,0
1479,9469500,2017,0
1480,9469500,2018,0
1481,9469500,2019,0
1482,9469500,2020,0
1483,9469500,2021,0
1484,9469500,2022,0
1485,9469500,2023,0
1486,9469500,2024,0
1487,9469500,2025,0
1488,9470000,2000,0
1489,9470000,2001,63
1490,9470000,2002,41
1491,9470000,2003,51
1492,9470000,2004,0
1493,9470500,2000,58
1494,9470500,2001,0
1495,9470500,2002,53
1496,9470500,2003,67
1497,9470500,2004,43
1498,9470500,2005,39
1499,9470500,2006,39
1500,9470500,2007,0
1501,9470500,2008,0
1502,9470500,2009,64
1503,9470500,2010,37
1504,9470500,2011,127
1505,9470500,2012,58
1506,9470500,2013,46
1507,9470500,2014,71
1508,9470500,2015,0
1509,9470500,2016,141
1510,9470500,2017,196
1511,9470500,2018,268
1512,9470500,2019,189
1513,9470500,2020,228
1514,9470500,2021,298
1515,9470500,2022,195
1516,9470500,2023,243
1517,9470500,2024,327
1518,9470500,2025,14
1519,9470520,2000,130
1520,9470520,2001,364
1521,9470520,2002,351
1522,9470520,2003,356
1523,9470520,2004,268
1524,9470700,2001,162
1525,9470700,2002,305
1526,9470700,2003,345
1527,9470700,2004,242
1528,9470700,2005,210
1529,9470700,2006,269
1530,9470700,2007,208
1531,9470700,2008,258
1532,9470700,2009,365
1533,9470700,2010,177
1534,9470700,2011,290
1535,9470700,2012,366
1536,9470700,2013,290
1537,9470700,2014,251
1538,9470700,2015,164
1539,9470700,2016,252
1540,9470700,2017,240
1541,9470700,2018,194
1542,9470700,2019,124
1543,9470700,2020,228
1544,9470700,2021,269
1545,9470700,2022,229
1546,9470700,2023,266
1547,9470700,2024,291
1548,9470700,2025,14
1549,9470750,2000,13
1550,9470750,2001,0
1551,9470750,2002,69
1552,9470750,2003,86
1553,9470750,2004,0
1554,9470750,2005,2
1555,9470750,2006,74
1556,9470750,2007,28
1557,9470750,2008,0
1558,9470750,2009,47
1559,9470750,2010,0
1560,9470750,2011,55
1561,9470750,2012,56
1562,9470750,2013,30
1563,9470750,2014,55
1564,9470750,2015,0
1565,9470750,2016,0
1566,9470750,2017,23
1567,9470750,2018,66
1568,9470750,2019,33
1569,9470750,2020,76
1570,9470750,2021,70
1571,9470750,2022,50
1572,9470750,2023,130
1573,9470750,2024,123
1574,9470750,2025,14
1575,9470800,2000,91
1576,9470800,2001,0
1577,9470800,2002,70
1578,9470800,2003,224
1579,9470800,2004,176
1580,9470800,2005,61
1581,9470800,2006,90
1582,9470800,2007,41
1583,9470800,2008,41
1584,9470800,2009,67
1585,9470800,2010,0
1586,9470800,2011,36
1587,9470800,2012,62
1588,9470800,2013,62
1589,9470800,2014,64
1590,9470800,2015,0
1591,9470800,2016,0
1592,9470800,2017,42
1593,9470800,2018,110
1594,9470800,2019,46
1595,9470800,2020,80
1596,9470800,2021,97
1597,9470800,2022,70
1598,9470800,2023,16
1599,9470800,2024,80
1600,9470800,2025,0
1601,9470820,2006,92
1602,9470820,2007,347
1603,9470820,2008,234
1604,9470825,2006,62
1605,9470825,2007,300
1606,9470825,2008,217
1607,9471000,2000,0
1608,9471000,2001,0
1609,9471000,2002,0
1610,9471000,2003,0
1611,9471000,2004,0
1612,9471000,2005,5
1613,9471000,2006,0
1614,9471000,2007,0
1615,9471000,2008,0
1616,9471000,2009,0
1617,9471000,2010,0
1618,9471000,2011,0
1619,9471000,2012,0
1620,9471000,2013,0
1621,9471000,2014,0
1622,9471000,2015,0
1623,9471000,2016,0
1624,9471000,2017,0
1625,9471000,2018,0
1626,9471000,2019,0
1627,9471000,2020,0
1628,9471000,2021,0
1629,9471000,2022,0
1630,9471000,2023,0
1631,9471000,2024,0
1632,9471000,2025,0
1633,9471310,2000,0
1634,9471310,2001,0
1635,9471310,2002,31
1636,9471310,2003,118
1637,9471310,2004,0
1638,9471310,2005,116
1639,9471310,2006,120
1640,9471310,2007,37
1641,9471310,2008,0
1642,9471310,2009,0
1643,9471310,2010,0
1644,9471310,2011,0
1645,9471310,2012,8
1646,9471310,2013,69
1647,9471310,2014,21
1648,9471310,2015,0
1649,9471310,2016,0
1650,9471310,2017,8
1651,9471310,2018,0
1652,9471310,2019,0
1653,9471310,2020,0
1654,9471310,2021,0
1655,9471310,2022,0
1656,9471310,2023,0
1657,9471310,2024,48
1658,9471310,2025,0
1659,9471380,2000,0
1660,9471380,2001,0
1661,9471380,2002,0
1662,9471380,2003,0
1663,9471380,2004,0
1664,9471380,2005,91
1665,9471380,2006,6
1666,9471380,2007,0
1667,9471380,2008,0
1668,9471380,2009,0
1669,9471380,2010,0
1670,9471380,2011,0
1671,9471380,2012,0
1672,9471380,2013,0
1673,9471380,2014,27
1674,9471380,2015,0
1675,9471380,2016,0
1676,9471380,2017,0
1677,9471380,2018,0
1678,9471380,2019,6
1679,9471380,2020,0
1680,9471380,2021,38
1681,9471380,2022,0
1682,9471380,2023,0
1683,9471380,2024,87
1684,9471380,2025,14
1685,9471400,2000,0
1686,9471400,2001,0
1687,9471400,2002,31
1688,9471400,2004,0
1689,9471400,2005,45
1690,9471400,2006,0
1691,9471400,2007,32
1692,9471400,2008,27
1693,9471400,2009,11
1694,9471400,2010,21
1695,9471400,2011,8
1696,9471400,2012,17
1697,9471400,2013,13
1698,9471400,2014,24
1699,9471400,2015,0
1700,9471400,2016,17
1701,9471400,2017,34
1702,9471400,2018,77
1703,9471400,2019,59
1704,9471400,2020,114
1705,9471400,2021,8
1706,9471400,2022,6
1707,9471400,2023,195
1708,9471400,2024,106
1709,9471400,2025,0
1710,9471550,2000,8
1711,9471550,2001,60
1712,9471550,2002,70
1713,9471550,2003,73
1714,9471550,2004,143
1715,9471550,2005,99
1716,9471550,2006,80
1717,9471550,2007,103
1718,9471550,2008,57
1719,9471550,2009,194
1720,9471550,2010,110
1721,9471550,2011,126
1722,9471550,2012,93
1723,9471550,2013,79
1724,9471550,2014,60
1725,9471550,2015,38
1726,9471550,2016,117
1727,9471550,2017,166
1728,9471550,2018,115
1729,9471550,2019,121
1730,9471550,2020,207
1731,9471550,2021,204
1732,9471550,2022,61
1733,9471550,2023,157
1734,9471550,2024,278
1735,9471550,2025,14
1736,9471580,2018,148
1737,9471580,2019,282
1738,9471580,2020,210
1739,9471580,2021,256
1740,9472050,2000,166
1741,9472050,2001,88
1742,9472050,2002,268
1743,9472050,2003,13
1744,9472050,2004,90
1745,9472050,2005,311
1746,9472050,2006,196
1747,9472050,2007,79
1748,9472050,2008,294
1749,9472050,2009,354
1750,9472050,2010,318
1751,9472050,2011,349
1752,9472050,2012,351
1753,9472050,2013,341
1754,9472050,2014,307
1755,9472050,2015,335
1756,9472050,2016,290
1757,9472050,2017,317
1758,9472050,2018,318
1759,9472050,2019,298
1760,9472050,2020,344
1761,9472050,2021,310
1762,9472050,2022,288
1763,9472050,2023,339
1764,9472050,2024,313
1765,9472050,2025,14
1766,9473000,2000,0
1767,9473000,2001,0
1768,9473000,2002,0
1769,9473000,2003,0
1770,9473000,2004,0
1771,9473000,2005,0
1772,9473000,2006,0
1773,9473000,2007,0
1774,9473000,2008,0
1775,9473000,2009,0
1776,9473000,2010,0
1777,9473000,2011,0
1778,9473000,2012,0
1779,9473000,2013,22
1780,9473000,2014,0
1781,9473000,2015,10
1782,9473000,2016,27
1783,9473000,2017,39
1784,9473000,2018,40
1785,9473000,2019,0
1786,9473000,2020,64
1787,9473000,2021,41
1788,9473000,2022,36
1789,9473000,2023,61
1790,9473000,2024,1
1791,9473000,2025,0
1792,9474000,2000,2
1793,9474000,2001,0
1794,9474000,2002,19
1795,9474000,2003,44
1796,9474000,2004,0
1797,9474000,2005,0
1798,9474000,2006,0
1799,9474000,2007,0
1800,9474000,2008,0
1801,9474000,2009,0
1802,9474000,2010,0
1803,9474000,2011,13
1804,9474000,2012,28
1805,9474000,2013,16
1806,9474000,2014,0
1807,9474000,2015,0
1808,9474000,2016,0
1809,9474000,2017,0
1810,9474000,2018,3
1811,9474000,2019,0
1812,9474000,2020,0
1813,9474000,2021,62
1814,9474000,2022,0
1815,9474000,2023,0
1816,9474000,2024,0
1817,9474000,2025,0
1818,9475500,2000,50
1819,9475500,2001,31
1820,9475500,2002,125
1821,9475500,2003,116
1822,9475500,2004,102
1823,9475500,2005,0
1824,9475500,2006,44
1825,9475500,2007,0
1826,9475500,2008,39
1827,9475500,2009,55
1828,9475500,2010,0
1829,9475500,2011,100
1830,9475500,2012,50
1831,9475500,2013,99
1832,9475500,2014,53
1833,9475500,2015,27
1834,9475500,2016,48
1835,9475500,2017,12
1836,9475500,2018,155
1837,9475500,2019,130
1838,9475500,2020,79
1839,9475500,2021,161
1840,9475500,2022,72
1841,9475500,2023,33
1842,9475500,2024,34
1843,9475500,2025,0
1844,9477570,2004,91
1845,9477570,2005,346
1846,9477570,2006,358
1847,9477570,2007,328
1848,9477570,2008,324
1849,9477570,2009,273
1850,9479350,2000,364
1851,9479350,2001,320
1852,9479350,2002,365
1853,9479350,2003,365
1854,9479350,2004,356
1855,9479350,2005,325
1856,9479350,2006,277
1857,9479350,2007,365
1858,9479350,2008,365
1859,9479350,2009,365
1860,9479350,2010,361
1861,9479350,2011,365
1862,9479350,2012,357
1863,9479350,2013,365
1864,9479350,2014,358
1865,9479350,2015,365
1866,9479350,2016,366
1867,9479350,2017,365
1868,9479350,2018,361
1869,9479350,2019,364
1870,9479350,2020,366
1871,9479350,2021,365
1872,9479350,2022,363
1873,9479350,2023,365
1874,9479350,2024,366
1875,9479350,2025,14
1876,9480000,2000,16
1877,9480000,2001,0
1878,9480000,2002,0
1879,9480000,2003,29
1880,9480000,2004,82
1881,9480000,2005,96
1882,9480000,2006,53
1883,9480000,2007,37
1884,9480000,2008,27
1885,9480000,2009,10
1886,9480000,2010,18
1887,9480000,2011,17
1888,9480000,2012,0
1889,9480000,2013,22
1890,9480000,2014,4
1891,9480000,2019,44
1892,9480000,2020,160
1893,9480000,2021,67
1894,9480000,2022,40
1895,9480000,2023,194
1896,9480000,2024,366
1897,9480000,2025,14
1898,9480500,2000,105
1899,9480500,2001,0
1900,9480500,2002,264
1901,9480500,2003,301
1902,9480500,2004,355
1903,9480500,2005,269
1904,9480500,2006,202
1905,9480500,2007,262
1906,9480500,2008,282
1907,9480500,2009,350
1908,9480500,2010,91
1909,9480500,2011,326
1910,9480500,2012,323
1911,9480500,2013,349
1912,9480500,2014,215
1913,9480500,2015,28
1914,9480500,2016,58
1915,9480500,2017,47
1916,9480500,2018,152
1917,9480500,2019,98
1918,9480500,2020,2
1919,9480500,2021,50
1920,9480500,2022,35
1921,9480500,2023,92
1922,9480500,2024,0
1923,9480500,2025,0
1924,9481000,2010,0
1925,9481000,2011,0
1926,9481000,2012,0
1927,9481000,2013,0
1928,9481000,2014,0
1929,9481000,2015,0
1930,9481000,2016,0
1931,9481000,2017,0
1932,9481000,2018,0
1933,9481000,2019,0
1934,9481000,2020,0
1935,9481000,2021,0
1936,9481000,2022,0
1937,9481000,2023,0
1938,9481000,2024,6
1939,9481000,2025,0
1940,9481740,2000,0
1941,9481740,2001,0
1942,9481740,2002,36
1943,9481740,2003,44
1944,9481740,2004,0
1945,9481740,2005,0
1946,9481740,2006,0
1947,9481740,2007,0
1948,9481740,2008,0
1949,9481740,2009,0
1950,9481740,2010,0
1951,9481740,2011,4
1952,9481740,2012,3
1953,9481740,2013,17
1954,9481740,2014,2
1955,9481740,2015,0
1956,9481740,2016,0
1957,9481740,2017,0
1958,9481740,2018,0
1959,9481740,2019,0
1960,9481740,2020,0
1961,9481740,2021,0
1962,9481740,2022,0
1963,9481740,2023,31
1964,9481740,2024,45
1965,9481740,2025,0
1966,9481770,2003,24
1967,9481770,2004,51
1968,9481770,2005,126
1969,9481770,2006,208
1970,9481770,2007,13
1971,9481770,2008,0
1972,9481770,2009,21
1973,9482000,2000,197
1974,9482000,2001,323
1975,9482000,2002,230
1976,9482000,2003,134
1977,9482000,2004,324
1978,9482000,2005,234
1979,9482000,2006,175
1980,9482000,2007,67
1981,9482000,2008,347
1982,9482000,2009,350
1983,9482000,2010,343
1984,9482000,2011,332
1985,9482000,2012,329
1986,9482000,2013,347
1987,9482000,2014,323
1988,9482000,2015,341
1989,9482000,2016,357
1990,9482000,2017,339
1991,9482000,2018,335
1992,9482000,2019,345
1993,9482000,2020,361
1994,9482000,2021,316
1995,9482000,2022,317
1996,9482000,2023,352
1997,9482000,2024,348
1998,9482000,2025,14
1999,9482440,2022,0
2000,9482440,2023,231
2001,9482440,2024,322
2002,9482440,2025,14
2003,9482490,2021,16
2004,9482490,2022,19
2005,9482490,2023,223
2006,9482490,2024,184
2007,9482495,2021,130
2008,9482495,2022,226
2009,9482495,2023,251
2010,9482495,2024,231
2011,9482500,2000,302
2012,9482500,2001,248
2013,9482500,2002,60
2014,9482500,2003,164
2015,9482500,2004,119
2016,9482500,2005,276
2017,9482500,2006,222
2018,9482500,2007,67
2019,9482500,2008,231
2020,9482500,2009,252
2021,9482500,2010,306
2022,9482500,2011,335
2023,9482500,2012,322
2024,9482500,2013,309
2025,9482500,2014,322
2026,9482500,2015,306
2027,9482500,2016,327
2028,9482500,2017,329
2029,9482500,2018,318
2030,9482500,2019,225
2031,9482500,2020,114
2032,9482500,2021,215
2033,9482500,2022,234
2034,9482500,2023,242
2035,9482500,2024,319
2036,9482500,2025,14
2037,9484000,2000,179
2038,9484000,2001,161
2039,9484000,2002,162
2040,9484000,2003,62
2041,9484000,2004,62
2042,9484000,2005,142
2043,9484000,2006,157
2044,9484000,2007,77
2045,9484000,2008,25
2046,9484000,2009,139
2047,9484000,2010,50
2048,9484000,2011,139
2049,9484000,2012,145
2050,9484000,2013,92
2051,9484000,2014,122
2052,9484000,2015,60
2053,9484000,2016,121
2054,9484000,2017,180
2055,9484000,2018,184
2056,9484000,2019,133
2057,9484000,2020,217
2058,9484000,2021,118
2059,9484000,2022,56
2060,9484000,2023,205
2061,9484000,2024,159
2062,9484000,2025,14
2063,9484500,2000,224
2064,9484500,2001,247
2065,9484500,2002,360
2066,9484500,2003,214
2067,9484500,2004,73
2068,9484500,2005,278
2069,9484500,2006,308
2070,9484500,2007,265
2071,9484500,2008,228
2072,9484500,2009,349
2073,9484500,2010,267
2074,9484500,2011,357
2075,9484500,2012,357
2076,9484500,2013,351
2077,9484500,2014,348
2078,9484500,2015,340
2079,9484500,2016,331
2080,9484500,2017,257
2081,9484500,2018,360
2082,9484500,2019,282
2083,9484500,2020,299
2084,9484500,2021,308
2085,9484500,2022,310
2086,9484500,2023,260
2087,9484500,2024,293
2088,9484500,2025,14
2089,9484550,2001,0
2090,9484550,2002,0
2091,9484550,2003,0
2092,9484550,2004,0
2093,9484550,2005,0
2094,9484550,2006,0
2095,9484550,2007,0
2096,9484550,2008,0
2097,9484550,2009,0
2098,9484550,2010,29
2099,9484550,2011,0
2100,9484550,2012,0
2101,9484550,2013,0
2102,9484550,2014,0
2103,9484550,2015,0
2104,9484550,2016,0
2105,9484550,2017,0
2106,9484550,2018,0
2107,9484550,2019,0
2108,9484550,2020,0
2109,9484550,2021,0
2110,9484550,2022,0
2111,9484550,2023,0
2112,9484550,2024,0
2113,9484550,2025,0
2114,9484580,2009,337
2115,9484580,2010,337
2116,9484580,2011,349
2117,9484580,2012,350
2118,9484580,2013,354
2119,9484580,2014,343
2120,9484580,2015,325
2121,9484580,2016,299
2122,9484580,2017,318
2123,9484580,2018,336
2124,9484580,2019,291
2125,9484580,2020,359
2126,9484580,2021,300
2127,9484580,2022,216
2128,9484580,2023,322
2129,9484580,2024,302
2130,9484580,2025,14
2131,9484600,2000,0
2132,9484600,2001,0
2133,9484600,2002,3
2134,9484600,2003,0
2135,9484600,2004,0
2136,9484600,2005,0
2137,9484600,2006,0
2138,9484600,2007,0
2139,9484600,2008,0
2140,9484600,2009,0
2141,9484600,2010,0
2142,9484600,2011,0
2143,9484600,2012,0
2144,9484600,2013,0
2145,9484600,2014,0
2146,9484600,2015,0
2147,9484600,2016,0
2148,9484600,2017,0
2149,9484600,2018,0
2150,9484600,2019,0
2151,9484600,2020,0
2152,9484600,2021,0
2153,9484600,2022,0
2154,9484600,2023,0
2155,9484600,2024,0
2156,9484600,2025,0
2157,9485000,2000,247
2158,9485000,2001,153
2159,9485000,2002,340
2160,9485000,2003,274
2161,9485000,2004,273
2162,9485000,2005,228
2163,9485000,2006,205
2164,9485000,2007,136
2165,9485000,2008,143
2166,9485000,2009,234
2167,9485000,2010,193
2168,9485000,2011,347
2169,9485000,2012,268
2170,9485000,2013,333
2171,9485000,2014,242
2172,9485000,2015,83
2173,9485000,2016,76
2174,9485000,2017,183
2175,9485000,2018,207
2176,9485000,2019,177
2177,9485000,2020,227
2178,9485000,2021,187
2179,9485000,2022,83
2180,9485000,2023,216
2181,9485000,2024,225
2182,9485000,2025,14
2183,9485450,2000,315
2184,9485450,2001,362
2185,9485450,2002,328
2186,9485450,2003,301
2187,9485450,2004,325
2188,9485450,2005,338
2189,9485450,2006,288
2190,9485450,2007,342
2191,9485450,2008,328
2192,9485450,2009,343
2193,9485450,2010,335
2194,9485450,2011,339
2195,9485450,2012,349
2196,9485450,2013,358
2197,9485450,2014,328
2198,9485450,2015,318
2199,9485450,2016,256
2200,9485450,2017,277
2201,9485450,2018,352
2202,9485450,2019,354
2203,9485450,2020,359
2204,9485450,2021,339
2205,9485450,2022,352
2206,9485450,2023,361
2207,9485450,2024,360
2208,9485450,2025,14
2209,9485700,2000,230
2210,9485700,2001,0
2211,9485700,2002,91
2212,9485700,2003,241
2213,9485700,2004,114
2214,9485700,2005,323
2215,9485700,2006,324
2216,9485700,2007,326
2217,9485700,2008,299
2218,9485700,2009,355
2219,9485700,2010,297
2220,9485700,2011,336
2221,9485700,2012,342
2222,9485700,2013,340
2223,9485700,2014,328
2224,9485700,2015,330
2225,9485700,2016,313
2226,9485700,2017,293
2227,9485700,2018,332
2228,9485700,2019,297
2229,9485700,2020,345
2230,9485700,2021,315
2231,9485700,2022,334
2232,9485700,2023,301
2233,9485700,2024,338
2234,9485700,2025,14
2235,9486055,2000,220
2236,9486055,2001,268
2237,9486055,2002,5
2238,9486055,2003,3
2239,9486055,2004,102
2240,9486055,2005,325
2241,9486055,2006,241
2242,9486055,2007,94
2243,9486055,2008,330
2244,9486055,2009,348
2245,9486055,2010,89
2246,9486055,2011,317
2247,9486055,2012,341
2248,9486055,2013,337
2249,9486055,2014,327
2250,9486055,2015,311
2251,9486055,2016,328
2252,9486055,2017,327
2253,9486055,2018,326
2254,9486055,2019,314
2255,9486055,2020,347
2256,9486055,2021,313
2257,9486055,2022,322
2258,9486055,2023,314
2259,9486055,2024,318
2260,9486055,2025,14
2261,9486350,2000,345
2262,9486350,2001,361
2263,9486350,2002,234
2264,9486350,2003,2
2265,9486350,2004,92
2266,9486350,2005,344
2267,9486350,2006,233
2268,9486350,2007,87
2269,9486350,2008,310
2270,9486350,2009,358
2271,9486350,2010,362
2272,9486350,2011,355
2273,9486350,2012,358
2274,9486350,2013,360
2275,9486350,2014,345
2276,9486350,2015,346
2277,9486350,2016,338
2278,9486350,2017,355
2279,9486350,2018,338
2280,9486350,2019,342
2281,9486350,2020,353
2282,9486350,2021,334
2283,9486350,2022,334
2284,9486350,2023,344
2285,9486350,2024,349
2286,9486350,2025,14
2287,9486500,2000,0
2288,9486500,2001,0
2289,9486500,2002,0
2290,9486500,2003,0
2291,9486500,2004,0
2292,9486500,2005,0
2293,9486500,2006,0
2294,9486500,2007,0
2295,9486500,2008,0
2296,9486500,2009,0
2297,9486500,2010,0
2298,9486500,2011,0
2299,9486500,2012,0
2300,9486500,2013,0
2301,9486500,2014,0
2302,9486500,2015,0
2303,9486500,2016,0
2304,9486500,2017,0
2305,9486500,2018,0
2306,9486500,2019,0
2307,9486500,2020,0
2308,9486500,2021,0
2309,9486500,2022,0
2310,9486500,2023,0
2311,9486500,2024,0
2312,9486500,2025,0
2313,9486520,2000,17
2314,9486520,2001,1
2315,9486520,2002,0
2316,9486520,2003,0
2317,9486520,2004,0
2318,9486520,2005,0
2319,9486520,2006,10
2320,9486520,2007,9
2321,9486520,2008,30
2322,9486520,2009,0
2323,9486520,2010,0
2324,9486520,2011,5
2325,9486520,2012,18
2326,9486520,2013,0
2327,9486520,2014,152
2328,9486520,2015,191
2329,9486520,2016,96
2330,9486520,2017,65
2331,9486520,2018,10
2332,9486520,2019,88
2333,9486520,2020,0
2334,9486520,2021,0
2335,9486520,2022,0
2336,9486520,2023,2
2337,9486520,2024,0
2338,9486520,2025,0
2339,9486580,2000,150
2340,9486580,2001,9
2341,9486580,2002,0
2342,9486590,2002,220
2343,9486590,2003,151
2344,9486590,2004,231
2345,9486590,2005,240
2346,9486590,2006,264
2347,9486590,2007,97
2348,9486590,2008,87
2349,9486590,2009,235
2350,9486590,2010,234
2351,9486590,2011,350
2352,9486590,2012,364
2353,9486590,2013,363
2354,9486590,2014,232
2355,9486800,2000,337
2356,9486800,2001,273
2357,9486800,2002,338
2358,9486800,2003,335
2359,9486800,2004,345
2360,9486800,2005,337
2361,9486800,2006,238
2362,9486800,2007,30
2363,9486800,2008,331
2364,9486800,2009,357
2365,9486800,2010,333
2366,9486800,2011,325
2367,9486800,2012,332
2368,9486800,2013,342
2369,9486800,2014,331
2370,9486800,2015,328
2371,9486800,2016,326
2372,9486800,2017,341
2373,9486800,2018,339
2374,9486800,2019,348
2375,9486800,2020,362
2376,9486800,2021,335
2377,9486800,2022,342
2378,9486800,2023,357
2379,9486800,2024,346
2380,9486800,2025,14
2381,9487000,2000,111
2382,9487000,2001,84
2383,9487000,2002,202
2384,9487000,2003,99
2385,9487000,2004,345
2386,9487000,2005,341
2387,9487000,2006,334
2388,9487000,2007,255
2389,9487000,2008,334
2390,9487000,2009,352
2391,9487000,2010,346
2392,9487000,2011,337
2393,9487000,2012,319
2394,9487000,2013,338
2395,9487000,2014,334
2396,9487000,2015,338
2397,9487000,2016,347
2398,9487000,2017,341
2399,9487000,2018,341
2400,9487000,2019,330
2401,9487000,2020,353
2402,9487000,2021,334
2403,9487000,2022,351
2404,9487000,2023,354
2405,9487000,2024,341
2406,9487000,2025,14
2407,9489000,2000,247
2408,9489000,2001,262
2409,9489000,2002,333
2410,9489000,2003,292
2411,9489000,2004,298
2412,9489000,2005,228
2413,9489000,2006,312
2414,9489000,2007,313
2415,9489000,2008,291
2416,9489000,2009,345
2417,9489000,2010,266
2418,9489000,2011,303
2419,9489000,2012,279
2420,9489000,2013,276
2421,9489000,2014,232
2422,9489000,2015,259
2423,9489000,2016,290
2424,9489000,2017,244
2425,9489000,2018,271
2426,9489000,2019,105
2427,9489000,2020,103
2428,9489000,2021,299
2429,9489000,2022,181
2430,9489000,2023,255
2431,9489000,2024,259
2432,9489000,2025,7
2433,9489082,2000,168
2434,9489082,2001,41
2435,9489500,2000,0
2436,9489500,2001,0
2437,9489500,2002,0
2438,9489500,2003,0
2439,9489500,2004,0
2440,9489500,2005,0
2441,9489500,2006,0
2442,9489500,2007,0
2443,9489500,2008,0
2444,9489500,2009,0
2445,9489500,2010,0
2446,9489500,2011,0
2447,9489500,2012,0
2448,9489500,2013,0
2449,9489500,2014,0
2450,9489500,2015,0
2451,9489500,2016,0
2452,9489500,2017,0
2453,9489500,2018,0
2454,9489500,2019,0
2455,9489500,2020,0
2456,9489500,2021,0
2457,9489500,2022,0
2458,9489500,2023,0
2459,9489500,2024,0
2460,9489500,2025,0
2461,9490500,2000,0
2462,9490500,2001,0
2463,9490500,2002,0
2464,9490500,2003,0
2465,9490500,2004,0
2466,9490500,2005,0
2467,9490500,2006,0
2468,9490500,2007,0
2469,9490500,2008,0
2470,9490500,2009,0
2471,9490500,2010,0
2472,9490500,2011,0
2473,9490500,2012,0
2474,9490500,2013,0
2475,9490500,2014,0
2476,9490500,2015,0
2477,9490500,2016,0
2478,9490500,2017,0
2479,9490500,2018,0
2480,9490500,2019,0
2481,9490500,2020,0
2482,9490500,2021,0
2483,9490500,2022,0
2484,9490500,2023,0
2485,9490500,2024,0
2486,9490500,2025,0
2487,9492400,2000,0
2488,9492400,2001,0
2489,9492400,2002,0
2490,9492400,2003,0
2491,9492400,2004,0
2492,9492400,2005,0
2493,9492400,2006,0
2494,9492400,2007,0
2495,9492400,2008,0
2496,9492400,2009,0
2497,9492400,2010,0
2498,9492400,2011,0
2499,9492400,2012,0
2500,9492400,2013,0
2501,9492400,2014,0
2502,9492400,2015,0
2503,9492400,2016,0
2504,9492400,2017,0
2505,9492400,2018,0
2506,9492400,2019,0
2507,9492400,2020,0
2508,9492400,2021,0
2509,9492400,2022,0
2510,9492400,2023,0
2511,9492400,2024,0
2512,9492400,2025,0
2513,9494000,2000,0
2514,9494000,2001,0
2515,9494000,2002,0
2516,9494000,2003,0
2517,9494000,2004,0
2518,9494000,2005,0
2519,9494000,2006,0
2520,9494000,2007,0
2521,9494000,2008,0
2522,9494000,2009,0
2523,9494000,2010,0
2524,9494000,2011,18
2525,9494000,2012,16
2526,9494000,2013,0
2527,9494000,2014,0
2528,9494000,2015,0
2529,9494000,2016,0
2530,9494000,2017,0
2531,9494000,2018,0
2532,9494000,2019,0
2533,9494000,2020,0
2534,9494000,2021,0
2535,9494000,2022,0
2536,9494000,2023,0
2537,9494000,2024,0
2538,9494000,2025,0
2539,9494200,2002,91
2540,9494200,2003,177
2541,9494200,2004,0
2542,9494200,2005,0
2543,9495000,2000,329
2544,9495000,2001,252
2545,9495000,2002,360
2546,9495000,2003,352
2547,9495000,2004,366
2548,9495000,2005,251
2549,9495800,2002,93
2550,9495800,2003,199
2551,9495800,2004,0
2552,9495800,2005,0
2553,9496000,2004,0
2554,9496000,2005,0
2555,9496500,2000,0
2556,9496500,2001,0
2557,9496500,2002,0
2558,9496500,2003,0
2559,9496500,2004,0
2560,9496500,2005,0
2561,9496500,2006,0
2562,9496500,2007,0
2563,9496500,2008,0
2564,9496500,2009,0
2565,9496500,2010,0
2566,9496500,2011,0
2567,9496500,2012,0
2568,9496500,2013,0
2569,9496500,2014,0
2570,9496500,2015,0
2571,9496500,2016,0
2572,9496500,2017,0
2573,9496500,2018,0
2574,9496500,2019,0
2575,9496500,2020,0
2576,9496500,2021,0
2577,9496500,2022,0
2578,9496500,2023,0
2579,9496500,2024,0
2580,9496500,2025,0
2581,9497500,2000,0
2582,9497500,2001,0
2583,9497500,2002,0
2584,9497500,2003,0
2585,9497500,2004,0
2586,9497500,2005,0
2587,9497500,2006,0
2588,9497500,2007,0
2589,9497500,2008,0
2590,9497500,2009,0
2591,9497500,2010,0
2592,9497500,2011,0
2593,9497500,2012,0
2594,9497500,2013,0
2595,9497500,2014,0
2596,9497500,2015,0
2597,9497500,2016,0
2598,9497500,2017,0
2599,9497500,2018,0
2600,9497500,2019,0
2601,9497500,2020,0
2602,9497500,2021,0
2603,9497500,2022,0
2604,9497500,2023,0
2605,9497500,2024,0
2606,9497500,2025,0
2607,9497700,2002,12
2608,9497700,2003,0
2609,9497700,2004,0
2610,9497700,2005,0
2611,9497800,2000,0
2612,9497800,2001,0
2613,9497800,2002,0
2614,9497800,2003,0
2615,9497800,2004,0
2616,9497800,2005,0
2617,9497800,2006,0
2618,9497800,2007,0
2619,9497800,2008,0
2620,9497800,2009,0
2621,9497800,2010,0
2622,9497800,2011,0
2623,9497800,2012,0
2624,9497800,2013,0
2625,9497800,2014,0
2626,9497800,2015,0
2627,9497800,2016,0
2628,9497800,2017,0
2629,9497800,2018,0
2630,9497800,2019,0
2631,9497800,2020,0
2632,9497800,2021,0
2633,9497800,2022,0
2634,9497800,2023,0
2635,9497800,2024,0
2636,9497800,2025,0
2637,9497980,2000,0
2638,9497980,2001,0
2639,9497980,2002,0
2640,9497980,2003,0
2641,9497980,2004,0
2642,9497980,2005,0
2643,9497980,2006,0
2644,9497980,2007,0
2645,9497980,2008,0
2646,9497980,2009,0
2647,9497980,2010,0
2648,9497980,2011,0
2649,9497980,2012,0
2650,9497980,2013,0
2651,9497980,2014,0
2652,9497980,2015,0
2653,9497980,2016,0
2654,9497980,2017,0
2655,9497980,2018,0
2656,9497980,2019,0
2657,9497980,2020,0
2658,9497980,2021,0
2659,9497980,2022,0
2660,9497980,2023,0
2661,9497980,2024,0
2662,9497980,2025,0
2663,9498400,2000,0
2664,9498400,2001,0
2665,9498400,2002,0
2666,9498400,2003,0
2667,9498400,2004,0
2668,9498400,2005,0
2669,9498400,2006,0
2670,9498400,2007,0
2671,9498400,2008,0
2672,9498400,2009,0
2673,9498400,2010,0
2674,9498400,2011,0
2675,9498400,2012,0
2676,9498400,2013,0
2677,9498400,2014,0
2678,9498400,2015,0
2679,9498400,2016,0
2680,9498400,2017,0
2681,9498400,2018,0
2682,9498400,2019,0
2683,9498400,2020,0
2684,9498400,2021,0
2685,9498400,2022,0
2686,9498400,2023,0
2687,9498400,2024,0
2688,9498400,2025,0
2689,9498500,2000,0
2690,9498500,2001,0
2691,9498500,2002,0
2692,9498500,2003,0
2693,9498500,2004,0
2694,9498500,2005,0
2695,9498500,2006,0
2696,9498500,2007,0
2697,9498500,2008,0
2698,9498500,2009,0
2699,9498500,2010,0
2700,9498500,2011,0
2701,9498500,2012,0
2702,9498500,2013,0
2703,9498500,2014,0
2704,9498500,2015,0
2705,9498500,2016,0
2706,9498500,2017,0
2707,9498500,2018,0
2708,9498500,2019,0
2709,9498500,2020,0
2710,9498500,2021,0
2711,9498500,2022,0
2712,9498500,2023,0
2713,9498500,2024,0
2714,9498500,2025,0
2715,9498501,2000,0
2716,9498501,2001,0
2717,9498501,2002,41
2718,9498501,2003,20
2719,9498501,2004,41
2720,9498501,2005,0
2721,9498501,2006,0
2722,9498501,2007,0
2723,9498501,2008,0
2724,9498501,2009,93
2725,9498501,2010,0
2726,9498501,2011,116
2727,9498501,2012,44
2728,9498501,2013,73
2729,9498501,2014,175
2730,9498501,2015,202
2731,9498501,2016,177
2732,9498501,2017,29
2733,9498501,2018,188
2734,9498501,2019,124
2735,9498501,2020,115
2736,9498501,2021,52
2737,9498501,2022,113
2738,9498501,2023,71
2739,9498501,2024,106
2740,9498501,2025,0
2741,9498502,2000,0
2742,9498502,2001,0
2743,9498502,2002,0
2744,9498502,2003,0
2745,9498502,2004,0
2746,9498502,2005,0
2747,9498502,2006,0
2748,9498502,2007,0
2749,9498502,2008,0
2750,9498502,2009,0
2751,9498502,2010,0
2752,9498502,2011,0
2753,9498502,2012,0
2754,9498502,2013,14
2755,9498502,2014,293
2756,9498502,2015,346
2757,9498502,2016,68
2758,9498502,2017,46
2759,9498502,2018,335
2760,9498502,2019,42
2761,9498502,2020,34
2762,9498502,2021,220
2763,9498502,2022,138
2764,9498502,2023,0
2765,9498502,2024,104
2766,9498502,2025,14
2767,9498503,2000,151
2768,9498503,2001,131
2769,9498503,2002,237
2770,9498503,2003,104
2771,9498503,2004,112
2772,9498503,2005,37
2773,9498503,2006,112
2774,9498503,2007,143
2775,9498503,2008,53
2776,9498503,2009,75
2777,9498503,2010,48
2778,9498503,2011,146
2779,9498503,2012,119
2780,9498503,2013,139
2781,9498503,2014,67
2782,9498503,2015,130
2783,9498503,2016,16
2784,9498503,2017,0
2785,9498503,2018,65
2786,9498503,2019,31
2787,9498503,2020,82
2788,9498503,2021,55
2789,9498503,2022,51
2790,9498503,2023,129
2791,9498503,2024,100
2792,9498503,2025,0
2793,9499000,2000,61
2794,9499000,2001,48
2795,9499000,2002,168
2796,9499000,2003,51
2797,9499000,2004,59
2798,9499000,2005,0
2799,9499000,2006,46
2800,9499000,2007,44
2801,9499000,2008,37
2802,9499000,2009,117
2803,9499000,2010,0
2804,9499000,2011,57
2805,9499000,2012,86
2806,9499000,2013,15
2807,9499000,2014,62
2808,9499000,2015,51
2809,9499000,2016,3
2810,9499000,2017,96
2811,9499000,2018,99
2812,9499000,2019,69
2813,9499000,2020,126
2814,9499000,2021,65
2815,9499000,2022,50
2816,9499000,2023,104
2817,9499000,2024,113
2818,9499000,2025,0
2819,9502000,2000,0
2820,9502000,2001,0
2821,9502000,2002,0
2822,9502000,2003,0
2823,9502000,2004,0
2824,9502000,2005,0
2825,9502000,2006,0
2826,9502000,2007,0
2827,9502000,2008,0
2828,9502000,2009,0
2829,9502000,2010,0
2830,9502000,2011,0
2831,9502000,2012,0
2832,9502000,2013,0
2833,9502000,2014,0
2834,9502000,2015,0
2835,9502000,2016,0
2836,9502000,2017,0
2837,9502000,2018,0
2838,9502000,2019,0
2839,9502000,2020,0
2840,9502000,2021,0
2841,9502000,2022,0
2842,9502000,2023,0
2843,9502000,2024,0
2844,9502000,2025,0
2845,9502800,2001,26
2846,9502800,2002,90
2847,9502800,2003,75
2848,9502800,2004,121
2849,9502800,2005,16
2850,9502800,2006,48
2851,9502800,2007,89
2852,9502800,2008,108
2853,9502800,2009,155
2854,9502800,2010,140
2855,9502800,2011,167
2856,9502800,2012,163
2857,9502800,2013,98
2858,9502800,2014,130
2859,9502800,2015,146
2860,9502800,2016,195
2861,9502800,2017,225
2862,9502800,2018,194
2863,9502800,2019,197
2864,9502800,2020,235
2865,9502800,2021,241
2866,9502800,2022,223
2867,9502800,2023,206
2868,9502800,2024,256
2869,9502800,2025,14
2870,9502830,2017,149
2871,9502830,2018,327
2872,9502830,2019,315
2873,9502830,2020,353
2874,9502830,2021,328
2875,9502830,2022,350
2876,9502830,2023,330
2877,9502830,2024,366
2878,9502830,2025,15
2879,9502900,2000,0
2880,9502900,2001,0
2881,9502900,2002,0
2882,9502900,2003,0
2883,9502900,2004,0
2884,9502900,2005,0
2885,9502900,2006,0
2886,9502900,2007,0
2887,9502900,2008,0
2888,9502900,2009,0
2889,9502900,2010,0
2890,9502900,2011,0
2891,9502900,2012,7
2892,9502900,2013,0
2893,9502900,2014,0
2894,9502900,2015,0
2895,9502900,2016,0
2896,9502900,2017,0
2897,9502900,2018,0
2898,9502900,2019,0
2899,9502900,2020,0
2900,9502900,2021,0
2901,9502900,2022,0
2902,9502900,2023,0
2903,9502900,2024,0
2904,9502900,2025,0
2905,9502960,2000,17
2906,9502960,2001,47
2907,9502960,2002,72
2908,9502960,2003,37
2909,9502960,2004,93
2910,9502960,2005,32
2911,9502960,2006,44
2912,9502960,2007,64
2913,9502960,2008,34
2914,9502960,2009,146
2915,9502960,2010,89
2916,9502960,2011,75
2917,9502960,2012,61
2918,9502960,2013,41
2919,9502960,2014,47
2920,9502960,2015,81
2921,9502960,2016,109
2922,9502960,2017,73
2923,9502960,2018,47
2924,9502960,2019,85
2925,9502960,2020,158
2926,9502960,2021,40
2927,9502960,2022,10
2928,9502960,2023,25
2929,9502960,2024,49
2930,9502960,2025,0
2931,9503000,2000,0
2932,9503000,2001,10
2933,9503000,2002,67
2934,9503000,2003,46
2935,9503000,2004,90
2936,9503000,2005,0
2937,9503000,2006,26
2938,9503000,2007,43
2939,9503000,2008,0
2940,9503000,2009,25
2941,9503000,2010,0
2942,9503000,2011,0
2943,9503000,2012,30
2944,9503000,2013,20
2945,9503000,2014,31
2946,9503000,2015,11
2947,9503000,2016,69
2948,9503000,2017,17
2949,9503000,2018,54
2950,9503000,2019,45
2951,9503000,2020,147
2952,9503000,2021,69
2953,9503000,2022,72
2954,9503000,2023,0
2955,9503000,2024,109
2956,9503000,2025,0
2957,9503300,2000,230
2958,9503300,2001,185
2959,9503300,2002,184
2960,9503300,2003,138
2961,9503300,2004,85
2962,9503300,2005,114
2963,9503300,2006,27
2964,9503300,2007,8
2965,9503300,2008,111
2966,9503300,2009,136
2967,9503300,2010,238
2968,9503300,2011,233
2969,9503300,2012,92
2970,9503300,2013,221
2971,9503300,2014,184
2972,9503300,2015,213
2973,9503300,2016,223
2974,9503300,2017,212
2975,9503300,2018,206
2976,9503300,2019,218
2977,9503300,2020,263
2978,9503300,2021,254
2979,9503300,2022,336
2980,9503300,2023,131
2981,9503300,2024,270
2982,9503300,2025,15
2983,9503700,2000,0
2984,9503700,2001,0
2985,9503700,2002,0
2986,9503700,2003,0
2987,9503700,2004,0
2988,9503700,2005,0
2989,9503700,2006,0
2990,9503700,2007,0
2991,9503700,2008,0
2992,9503700,2009,0
2993,9503700,2010,0
2994,9503700,2011,0
2995,9503700,2012,0
2996,9503700,2013,0
2997,9503700,2014,0
2998,9503700,2015,0
2999,9503700,2016,0
3000,9503700,2017,0
3001,9503700,2018,0
3002,9503700,2019,0
3003,9503700,2020,0
3004,9503700,2021,0
3005,9503700,2022,0
3006,9503700,2023,0
3007,9503700,2024,0
3008,9503700,2025,0
3009,9503990,2021,0
3010,9503990,2022,0
3011,9503990,2023,0
3012,9503990,2024,0
3013,9503990,2025,0
3014,9504000,2000,0
3015,9504000,2001,0
3016,9504000,2002,0
3017,9504000,2003,0
3018,9504000,2004,0
3019,9504000,2005,0
3020,9504000,2006,0
3021,9504000,2007,0
3022,9504000,2008,0
3023,9504000,2009,0
3024,9504000,2010,0
3025,9504000,2011,0
3026,9504000,2012,0
3027,9504000,2013,0
3028,9504000,2014,0
3029,9504000,2015,0
3030,9504000,2016,0
3031,9504000,2017,0
3032,9504000,2018,0
3033,9504000,2019,0
3034,9504000,2020,0
3035,9504000,2021,0
3036,9504000,2022,0
3037,9504000,2023,0
3038,9504000,2024,0
3039,9504000,2025,0
3040,9504350,2023,0
3041,9504350,2024,0
3042,9504350,2025,0
3043,9504420,2000,0
3044,9504420,2001,0
3045,9504420,2002,0
3046,9504420,2003,0
3047,9504420,2004,0
3048,9504420,2005,0
3049,9504420,2006,0
3050,9504420,2007,0
3051,9504420,2008,0
3052,9504420,2009,0
3053,9504420,2010,0
3054,9504420,2011,0
3055,9504420,2012,0
3056,9504420,2013,0
3057,9504420,2014,0
3058,9504420,2015,0
3059,9504420,2016,0
3060,9504420,2017,0
3061,9504420,2018,0
3062,9504420,2019,0
3063,9504420,2020,0
3064,9504420,2021,0
3065,9504420,2022,0
3066,9504420,2023,0
3067,9504420,2024,0
3068,9504420,2025,0
3069,9504500,2000,0
3070,9504500,2001,0
3071,9504500,2002,0
3072,9504500,2003,0
3073,9504500,2004,0
3074,9504500,2005,0
3075,9504500,2006,0
3076,9504500,2007,0
3077,9504500,2008,0
3078,9504500,2009,0
3079,9504500,2010,0
3080,9504500,2011,0
3081,9504500,2012,0
3082,9504500,2013,0
3083,9504500,2014,0
3084,9504500,2015,0
3085,9504500,2016,0
3086,9504500,2017,0
3087,9504500,2018,0
3088,9504500,2019,0
3089,9504500,2020,0
3090,9504500,2021,0
3091,9504500,2022,0
3092,9504500,2023,0
3093,9504500,2024,0
3094,9504500,2025,0
3095,9504950,2018,0
3096,9504950,2019,0
3097,9504950,2020,0
3098,9504950,2021,0
3099,9504950,2022,0
3100,9504950,2023,0
3101,9504950,2024,0
3102,9504950,2025,0
3103,9505200,2000,0
3104,9505200,2001,0
3105,9505200,2002,0
3106,9505200,2003,0
3107,9505200,2004,0
3108,9505200,2005,0
3109,9505200,2006,0
3110,9505200,2007,0
3111,9505200,2008,0
3112,9505200,2009,0
3113,9505200,2010,0
3114,9505200,2011,0
3115,9505200,2012,0
3116,9505200,2013,0
3117,9505200,2014,0
3118,9505200,2015,0
3119,9505200,2016,0
3120,9505200,2017,0
3121,9505200,2018,0
3122,9505200,2019,0
3123,9505200,2020,0
3124,9505200,2021,0
3125,9505200,2022,0
3126,9505200,2023,0
3127,9505200,2024,0
3128,9505200,2025,0
3129,9505350,2000,254
3130,9505350,2001,243
3131,9505350,2002,341
3132,9505350,2003,276
3133,9505350,2004,242
3134,9505350,2005,173
3135,9505350,2006,326
3136,9505350,2007,250
3137,9505350,2008,216
3138,9505350,2009,242
3139,9505350,2010,207
3140,9505350,2011,192
3141,9505350,2012,216
3142,9505350,2013,249
3143,9505350,2014,317
3144,9505350,2015,233
3145,9505350,2016,246
3146,9505350,2017,229
3147,9505350,2018,335
3148,9505350,2019,206
3149,9505350,2020,238
3150,9505350,2021,255
3151,9505350,2022,206
3152,9505350,2023,216
3153,9505350,2024,282
3154,9505350,2025,14
3155,9505400,2007,0
3156,9505400,2008,0
3157,9505400,2009,0
3158,9505400,2010,0
3159,9505400,2011,0
3160,9505400,2012,0
3161,9505400,2013,0
3162,9505400,2014,13
3163,9505400,2015,0
3164,9505400,2016,0
3165,9505400,2017,0
3166,9505400,2018,0
3167,9505400,2019,0
3168,9505400,2020,40
3169,9505400,2021,0
3170,9505400,2022,0
3171,9505400,2023,0
3172,9505400,2024,0
3173,9505800,2000,0
3174,9505800,2001,0
3175,9505800,2002,0
3176,9505800,2003,0
3177,9505800,2004,0
3178,9505800,2005,0
3179,9505800,2006,0
3180,9505800,2007,0
3181,9505800,2008,0
3182,9505800,2009,0
3183,9505800,2010,0
3184,9505800,2011,0
3185,9505800,2012,0
3186,9505800,2013,0
3187,9505800,2014,0
3188,9505800,2015,0
3189,9505800,2016,0
3190,9505800,2017,0
3191,9505800,2018,0
3192,9505800,2019,0
3193,9505800,2020,0
3194,9505800,2021,0
3195,9505800,2022,0
3196,9505800,2023,0
3197,9505800,2024,0
3198,9505800,2025,0
3199,9506000,2000,0
3200,9506000,2001,0
3201,9506000,2002,0
3202,9506000,2003,0
3203,9506000,2004,0
3204,9506000,2005,0
3205,9506000,2006,0
3206,9506000,2007,0
3207,9506000,2008,0
3208,9506000,2009,0
3209,9506000,2010,0
3210,9506000,2011,0
3211,9506000,2012,0
3212,9506000,2013,0
3213,9506000,2014,0
3214,9506000,2015,0
3215,9506000,2016,0
3216,9506000,2017,0
3217,9506000,2018,0
3218,9506000,2019,0
3219,9506000,2020,0
3220,9506000,2021,0
3221,9506000,2022,0
3222,9506000,2023,0
3223,9506000,2024,0
3224,9506000,2025,0
3225,9507480,2010,0
3226,9507480,2011,0
3227,9507480,2012,0
3228,9507480,2013,0
3229,9507480,2014,0
3230,9507480,2015,0
3231,9507480,2016,0
3232,9507480,2017,0
3233,9507480,2018,0
3234,9507480,2019,0
3235,9507480,2020,0
3236,9507480,2021,0
3237,9507480,2022,0
3238,9507480,2023,0
3239,9507480,2024,0
3240,9507480,2025,0
3241,9507500,2000,0
3242,9507500,2001,0
3243,9507500,2002,0
3244,9507500,2003,0
3245,9507500,2004,0
3246,9507580,2000,299
3247,9507580,2001,185
3248,9507580,2002,347
3249,9507580,2003,344
3250,9507580,2004,358
3251,9507580,2005,346
3252,9507580,2006,350
3253,9507580,2007,265
3254,9507580,2008,326
3255,9507580,2009,322
3256,9507580,2010,299
3257,9507580,2011,206
3258,9507580,2012,209
3259,9507580,2013,210
3260,9507580,2014,290
3261,9507580,2015,192
3262,9507580,2016,196
3263,9507580,2017,111
3264,9507580,2018,224
3265,9507580,2019,97
3266,9507580,2020,98
3267,9507580,2021,285
3268,9507580,2022,125
3269,9507580,2023,135
3270,9507580,2024,142
3271,9507580,2025,14
3272,9507980,2000,50
3273,9507980,2001,0
3274,9507980,2002,108
3275,9507980,2003,36
3276,9507980,2004,45
3277,9507980,2005,0
3278,9507980,2006,0
3279,9507980,2007,0
3280,9507980,2008,0
3281,9507980,2009,0
3282,9507980,2010,0
3283,9507980,2011,0
3284,9507980,2012,0
3285,9507980,2013,0
3286,9507980,2014,0
3287,9507980,2016,0
3288,9507980,2017,0
3289,9507980,2018,21
3290,9507980,2019,1
3291,9507980,2020,31
3292,9507980,2021,55
3293,9507980,2022,0
3294,9507980,2023,96
3295,9507980,2024,0
3296,9507980,2025,0
3297,9508000,2001,0
3298,9508000,2003,0
3299,9508300,2000,156
3300,9508300,2001,141
3301,9508300,2002,191
3302,9508300,2003,136
3303,9508300,2004,80
3304,9508300,2005,52
3305,9508300,2006,54
3306,9508300,2007,120
3307,9508300,2008,124
3308,9508300,2009,109
3309,9508300,2010,97
3310,9508300,2011,154
3311,9508300,2012,135
3312,9508300,2013,33
3313,9508300,2014,110
3314,9508300,2015,1
3315,9508300,2016,50
3316,9508300,2017,165
3317,9508300,2018,150
3318,9508300,2019,163
3319,9508300,2020,178
3320,9508300,2021,77
3321,9508300,2022,101
3322,9508300,2023,174
3323,9508300,2024,178
3324,9508300,2025,0
3325,9508500,2005,0
3326,9508500,2006,0
3327,9508500,2007,0
3328,9508500,2008,0
3329,9508500,2009,0
3330,9508500,2010,0
3331,9508500,2011,0
3332,9508500,2012,0
3333,9508500,2013,0
3334,9508500,2014,0
3335,9508500,2015,0
3336,9508500,2016,0
3337,9508500,2017,0
3338,9508500,2018,0
3339,9508500,2019,0
3340,9508500,2020,0
3341,9508500,2021,0
3342,9508500,2022,0
3343,9508500,2023,0
3344,9508500,2024,0
3345,9508500,2025,0
3346,9510000,2000,0
3347,9510000,2001,0
3348,9510000,2002,0
3349,9510000,2003,0
3350,9510000,2004,0
3351,9510000,2005,0
3352,9510000,2006,0
3353,9510000,2007,0
3354,9510000,2008,0
3355,9510000,2009,0
3356,9510000,2010,0
3357,9510000,2011,0
3358,9510000,2012,0
3359,9510000,2013,0
3360,9510000,2014,0
3361,9510000,2015,0
3362,9510000,2016,0
3363,9510000,2017,0
3364,9510000,2018,0
3365,9510000,2019,0
3366,9510000,2020,0
3367,9510000,2021,0
3368,9510000,2022,0
3369,9510000,2023,0
3370,9510000,2024,0
3371,9510000,2025,0
3372,9510200,2000,34
3373,9510200,2001,91
3374,9510200,2002,264
3375,9510200,2003,97
3376,9510200,2004,68
3377,9510200,2005,0
3378,9510200,2006,34
3379,9510200,2007,109
3380,9510200,2008,0
3381,9510200,2009,7
3382,9510200,2010,0
3383,9510200,2011,71
3384,9510200,2012,44
3385,9510200,2013,174
3386,9510200,2014,116
3387,9510200,2015,197
3388,9510200,2016,254
3389,9510200,2017,217
3390,9510200,2018,219
3391,9510200,2019,31
3392,9510200,2020,0
3393,9510200,2021,25
3394,9510200,2022,72
3395,9510200,2023,217
3396,9510200,2024,207
3397,9510200,2025,14
3398,9511300,2000,0
3399,9511300,2001,0
3400,9511300,2002,0
3401,9511300,2003,0
3402,9511300,2004,0
3403,9511300,2005,0
3404,9511300,2006,0
3405,9511300,2007,0
3406,9511300,2008,0
3407,9511300,2009,0
3408,9511300,2010,0
3409,9511300,2011,0
3410,9511300,2012,0
3411,9511300,2013,0
3412,9511300,2014,0
3413,9511300,2015,0
3414,9511300,2016,0
3415,9511300,2017,0
3416,9511300,2018,0
3417,9511300,2019,0
3418,9511300,2020,0
3419,9511300,2021,0
3420,9511300,2022,0
3421,9511300,2023,0
3422,9511300,2024,0
3423,9511300,2025,0
3424,9512162,2000,280
3425,9512162,2001,331
3426,9512162,2002,346
3427,9512162,2003,340
3428,9512162,2004,344
3429,9512162,2005,325
3430,9512162,2006,351
3431,9512162,2007,340
3432,9512162,2008,346
3433,9512162,2009,359
3434,9512162,2010,350
3435,9512162,2011,360
3436,9512162,2012,359
3437,9512162,2013,346
3438,9512162,2014,342
3439,9512162,2015,338
3440,9512162,2016,325
3441,9512162,2017,343
3442,9512162,2018,327
3443,9512162,2019,318
3444,9512162,2020,350
3445,9512162,2021,339
3446,9512162,2022,311
3447,9512165,2000,5
3448,9512165,2001,0
3449,9512165,2002,20
3450,9512165,2003,0
3451,9512165,2004,0
3452,9512165,2005,6
3453,9512165,2006,0
3454,9512165,2007,15
3455,9512165,2008,9
3456,9512165,2009,0
3457,9512165,2010,0
3458,9512165,2011,0
3459,9512165,2012,61
3460,9512165,2013,263
3461,9512165,2014,207
3462,9512165,2015,55
3463,9512165,2016,96
3464,9512165,2017,65
3465,9512165,2018,95
3466,9512165,2019,246
3467,9512165,2020,206
3468,9512165,2021,321
3469,9512165,2022,276
3470,9512165,2023,31
3471,9512165,2024,160
3472,9512165,2025,15
3473,9512280,2000,203
3474,9512280,2001,222
3475,9512280,2002,290
3476,9512280,2003,231
3477,9512280,2004,310
3478,9512280,2005,67
3479,9512280,2006,95
3480,9512280,2007,218
3481,9512280,2008,225
3482,9512280,2009,233
3483,9512280,2010,190
3484,9512280,2011,223
3485,9512280,2012,245
3486,9512280,2013,274
3487,9512280,2014,304
3488,9512280,2015,287
3489,9512280,2016,302
3490,9512280,2017,267
3491,9512280,2018,321
3492,9512280,2019,133
3493,9512280,2020,223
3494,9512280,2021,261
3495,9512280,2022,247
3496,9512280,2023,232
3497,9512280,2024,279
3498,9512280,2025,15
3499,9512406,2002,91
3500,9512406,2003,343
3501,9512406,2004,340
3502,9512406,2005,119
3503,9512406,2006,45
3504,9512406,2007,127
3505,9512406,2008,107
3506,9512406,2009,228
3507,9512450,2000,0
3508,9512450,2001,0
3509,9512450,2002,22
3510,9512450,2003,22
3511,9512450,2004,17
3512,9512450,2005,0
3513,9512450,2006,0
3514,9512450,2007,0
3515,9512450,2008,0
3516,9512450,2009,0
3517,9512450,2010,0
3518,9512450,2011,0
3519,9512450,2012,0
3520,9512450,2013,19
3521,9512450,2014,11
3522,9512450,2015,0
3523,9512450,2016,6
3524,9512450,2017,0
3525,9512450,2018,40
3526,9512450,2019,0
3527,9512450,2020,0
3528,9512450,2021,0
3529,9512450,2022,0
3530,9512450,2023,0
3531,9512450,2024,0
3532,9512450,2025,0
3533,9512500,2000,0
3534,9512500,2001,0
3535,9512500,2002,0
3536,9512500,2003,0
3537,9512500,2004,0
3538,9512500,2005,0
3539,9512500,2006,0
3540,9512500,2007,0
3541,9512500,2008,0
3542,9512500,2009,0
3543,9512500,2010,1
3544,9512500,2011,0
3545,9512500,2012,0
3546,9512500,2013,0
3547,9512500,2014,0
3548,9512500,2015,0
3549,9512500,2016,0
3550,9512500,2017,9
3551,9512500,2018,15
3552,9512500,2019,40
3553,9512500,2020,102
3554,9512500,2021,25
3555,9512500,2022,0
3556,9512500,2023,0
3557,9512500,2024,69
3558,9512500,2025,0
3559,9512800,2000,0
3560,9512800,2001,162
3561,9512800,2002,169
3562,9512800,2003,150
3563,9512800,2004,105
3564,9512800,2005,0
3565,9512800,2006,0
3566,9512800,2007,135
3567,9512800,2008,31
3568,9512800,2009,77
3569,9512800,2010,0
3570,9512800,2011,2
3571,9512800,2012,2
3572,9512800,2013,0
3573,9512800,2014,3
3574,9512800,2015,0
3575,9512800,2016,0
3576,9512800,2017,0
3577,9512800,2018,54
3578,9512800,2019,0
3579,9512800,2020,55
3580,9512800,2021,146
3581,9512800,2022,89
3582,9512800,2023,0
3583,9512800,2024,58
3584,9512800,2025,0
3585,9513650,2000,195
3586,9513780,2000,251
3587,9513780,2001,220
3588,9513780,2002,363
3589,9513780,2003,281
3590,9513780,2004,261
3591,9513780,2005,62
3592,9513780,2006,172
3593,9513780,2007,223
3594,9513780,2008,210
3595,9513780,2009,241
3596,9513780,2010,223
3597,9513780,2011,238
3598,9513780,2012,349
3599,9513780,2013,267
3600,9513780,2014,206
3601,9513780,2015,112
3602,9513780,2016,235
3603,9513780,2017,224
3604,9513780,2018,281
3605,9513780,2019,130
3606,9513780,2020,212
3607,9513780,2021,346
3608,9513780,2022,266
3609,9513780,2023,210
3610,9513780,2024,277
3611,9513780,2025,15
3612,9513860,2000,333
3613,9513860,2001,327
3614,9513860,2002,363
3615,9513860,2003,340
3616,9513860,2004,319
3617,9513860,2005,353
3618,9513860,2006,364
3619,9513860,2007,347
3620,9513860,2008,363
3621,9513860,2009,364
3622,9513860,2010,339
3623,9513860,2011,365
3624,9513860,2012,358
3625,9513860,2013,358
3626,9513860,2014,350
3627,9513860,2015,360
3628,9513860,2016,362
3629,9513860,2017,355
3630,9513860,2018,363
3631,9513860,2019,358
3632,9513860,2020,363
3633,9513860,2021,356
3634,9513860,2022,360
3635,9513860,2023,364
3636,9513860,2024,365
3637,9513860,2025,14
3638,9514000,2000,0
3639,9514000,2001,0
3640,9514100,2000,166
3641,9514100,2001,176
3642,9514100,2002,241
3643,9514100,2003,232
3644,9514100,2004,229
3645,9514100,2005,127
3646,9514100,2006,163
3647,9514100,2007,129
3648,9514100,2008,231
3649,9514100,2009,264
3650,9514100,2010,209
3651,9514100,2011,231
3652,9514100,2012,294
3653,9514100,2013,336
3654,9514100,2014,249
3655,9514100,2015,283
3656,9514100,2016,356
3657,9514100,2017,334
3658,9514100,2018,291
3659,9514100,2019,296
3660,9514100,2020,274
3661,9514100,2021,214
3662,9514100,2022,253
3663,9514100,2023,191
3664,9514100,2024,274
3665,9514100,2025,15
3666,9516500,2000,115
3667,9516500,2001,243
3668,9516500,2002,341
3669,9516500,2003,304
3670,9516500,2004,295
3671,9516500,2005,80
3672,9516500,2006,182
3673,9516500,2007,132
3674,9516500,2008,228
3675,9516500,2009,354
3676,9516500,2010,110
3677,9516500,2011,365
3678,9516500,2012,342
3679,9516500,2013,308
3680,9516500,2014,311
3681,9516500,2015,331
3682,9516500,2016,358
3683,9516500,2017,351
3684,9516500,2018,354
3685,9516500,2019,293
3686,9516500,2020,213
3687,9516500,2021,233
3688,9516500,2022,159
3689,9516500,2023,244
3690,9516500,2024,327
3691,9516500,2025,15
3692,9517000,2000,0
3693,9517000,2001,0
3694,9517000,2002,7
3695,9517000,2003,0
3696,9517000,2004,0
3697,9517000,2005,2
3698,9517000,2006,11
3699,9517000,2007,4
3700,9517000,2008,8
3701,9517000,2009,9
3702,9517000,2010,7
3703,9517000,2011,10
3704,9517000,2012,12
3705,9517000,2013,26
3706,9517000,2014,4
3707,9517000,2015,9
3708,9517000,2016,43
3709,9517000,2017,15
3710,9517000,2018,77
3711,9517000,2019,19
3712,9517000,2020,0
3713,9517000,2021,0
3714,9517000,2022,11
3715,9517000,2023,0
3716,9517000,2024,13
3717,9517000,2025,0
3718,9517490,2000,350
3719,9517490,2001,360
3720,9517490,2002,365
3721,9517490,2003,351
3722,9517490,2004,357
3723,9517490,2005,340
3724,9517490,2006,325
3725,9517490,2007,353
3726,9517490,2008,361
3727,9517490,2009,365
3728,9517490,2010,353
3729,9517490,2011,351
3730,9517490,2012,351
3731,9517490,2013,351
3732,9517490,2014,347
3733,9517490,2015,364
3734,9517490,2016,364
3735,9517490,2017,359
3736,9517490,2018,358
3737,9517490,2019,359
3738,9517490,2020,363
3739,9517490,2021,363
3740,9517490,2022,351
3741,9517490,2023,365
3742,9517490,2024,364
3743,9517490,2025,15
3744,9518500,2000,50
3745,9518500,2001,10
3746,9518500,2002,55
3747,9518500,2003,20
3748,9518500,2004,0
3749,9518500,2005,12
3750,9518500,2006,2
3751,9518500,2007,1
3752,9518500,2008,42
3753,9518500,2009,1
3754,9518500,2010,30
3755,9518500,2011,12
3756,9518500,2012,4
3757,9518500,2013,9
3758,9518500,2014,17
3759,9518500,2015,24
3760,9518500,2016,24
3761,9518500,2017,11
3762,9519000,2000,22
3763,9519000,2001,0
3764,9519000,2002,0
3765,9519000,2003,0
3766,9519000,2004,0
3767,9519000,2005,0
3768,9519000,2006,0
3769,9519000,2007,0
3770,9519000,2008,6
3771,9519000,2009,0
3772,9519000,2010,30
3773,9519000,2011,0
3774,9519000,2012,5
3775,9519000,2013,0
3776,9519000,2014,0
3777,9519000,2015,0
3778,9519000,2016,193
3779,9519000,2017,30
3780,9519000,2018,0
3781,9519000,2019,11
3782,9519000,2020,0
3783,9519000,2021,0
3784,9519000,2022,0
3785,9519000,2023,0
3786,9519000,2024,0
3787,9519000,2025,0
3788,9519501,2007,22
3789,9519501,2008,6
3790,9519501,2009,0
3791,9519501,2010,0
3792,9519501,2011,66
3793,9519501,2012,28
3794,9519501,2013,11
3795,9519501,2014,24
3796,9519501,2015,25
3797,9519501,2016,132
3798,9519501,2017,180
3799,9519501,2018,195
3800,9519501,2019,183
3801,9519501,2020,228
3802,9519501,2021,266
3803,9519501,2022,316
3804,9519501,2023,45
3805,9519501,2024,22
3806,9519501,2025,7
3807,9519800,2000,242
3808,9519800,2001,326
3809,9519800,2002,359
3810,9519800,2003,361
3811,9519800,2004,320
3812,9519800,2005,6
3813,9519800,2006,168
3814,9519800,2007,145
3815,9519800,2008,229
3816,9519800,2009,301
3817,9519800,2010,141
3818,9519800,2011,176
3819,9519800,2012,310
3820,9519800,2013,316
3821,9519800,2014,351
3822,9519800,2015,329
3823,9519800,2016,362
3824,9519800,2017,360
3825,9519800,2018,363
3826,9519800,2019,365
3827,9519800,2020,366
3828,9519800,2021,314
3829,9519800,2022,352
3830,9519800,2023,81
3831,9519800,2024,13
3832,9519800,2025,15
3833,9520280,2000,364
3834,9520280,2001,363
3835,9520280,2002,273
3836,9520280,2003,242
3837,9520280,2004,330
3838,9520280,2005,141
3839,9520280,2006,355
3840,9520280,2007,363
3841,9520280,2008,338
3842,9520280,2009,363
3843,9520280,2010,264
3844,9520280,2011,356
3845,9520280,2012,362
3846,9520280,2013,363
3847,9520280,2014,361
3848,9520280,2015,365
3849,9520280,2016,365
3850,9520280,2017,301
3851,9520280,2018,356
3852,9520280,2019,360
3853,9520280,2020,363
3854,9520280,2021,359
3855,9520280,2022,365
3856,9520280,2023,287
3857,9520280,2024,360
3858,9520280,2025,15
3859,9520500,2000,6
3860,9520500,2001,32
3861,9520500,2002,0
3862,9520500,2003,0
3863,9520500,2004,0
3864,9520500,2005,0
3865,9520500,2006,0
3866,9520500,2007,0
3867,9520500,2008,0
3868,9520500,2009,0
3869,9520500,2010,0
3870,9520500,2011,2
3871,9520500,2012,0
3872,9520500,2013,0
3873,9520500,2014,0
3874,9520500,2015,0
3875,9520500,2016,0
3876,9520500,2017,0
3877,9520500,2018,0
3878,9520500,2019,0
3879,9520500,2020,0
3880,9520500,2021,0
3881,9520500,2022,0
3882,9520500,2023,0
3883,9520500,2024,0
3884,9520500,2025,0
3885,9520900,2023,0
3886,9520900,2024,0
3887,9520900,2025,0
3888,9522500,2000,0
3889,9522500,2001,0
3890,9522500,2002,0
3891,9522500,2003,0
3892,9522500,2004,0
3893,9522500,2005,0
3894,9522500,2006,0
3895,9522500,2007,0
3896,9522500,2008,0
3897,9522500,2009,3
3898,9522500,2010,0
3899,9522500,2011,0
3900,9522500,2012,3
3901,9522500,2013,0
3902,9522500,2014,0
3903,9522500,2015,4
3904,9522500,2016,0
3905,9522500,2017,0
3906,9522500,2018,0
3907,9522500,2019,0
3908,9522500,2020,0
3909,9522500,2021,0
3910,9522500,2022,4
3911,9522500,2023,0
3912,9522500,2024,7
3913,9522500,2025,0
3914,9522600,2000,1
3915,9522600,2001,1
3916,9522600,2002,1
3917,9522600,2003,0
3918,9522600,2004,0
3919,9522600,2005,0
3920,9522600,2006,0
3921,9522600,2007,0
3922,9522600,2008,0
3923,9522600,2009,0
3924,9522600,2010,0
3925,9522600,2011,0
3926,9522600,2012,0
3927,9522600,2013,0
3928,9522600,2014,0
3929,9522600,2015,0
3930,9522600,2016,0
3931,9522600,2017,0
3932,9522600,2018,0
3933,9522600,2019,0
3934,9522600,2020,0
3935,9522600,2021,0
3936,9522600,2022,0
3937,9522600,2023,0
3938,9522600,2024,0
3939,9522600,2025,0
3940,9522650,2000,0
3941,9522650,2001,0
3942,9522650,2002,0
3943,9522650,2003,0
3944,9522650,2004,0
3945,9522650,2005,3
3946,9522650,2006,29
3947,9522650,2007,34
3948,9522650,2008,50
3949,9522650,2009,41
3950,9522650,2010,43
3951,9522650,2011,16
3952,9522650,2012,25
3953,9522650,2013,18
3954,9522650,2014,9
3955,9522650,2015,12
3956,9522650,2016,30
3957,9522650,2017,49
3958,9522650,2018,14
3959,9522650,2019,30
3960,9522650,2020,17
3961,9522650,2021,2
3962,9522650,2022,1
3963,9522650,2023,1
3964,9522650,2024,5
3965,9522650,2025,0
3966,9522660,2004,0
3967,9522660,2005,0
3968,9522660,2006,54
3969,9522660,2007,117
3970,9522660,2008,143
3971,9522660,2009,127
3972,9522660,2010,131
3973,9522660,2011,122
3974,9522660,2012,81
3975,9522660,2013,101
3976,9522660,2014,55
3977,9522660,2015,52
3978,9522660,2016,75
3979,9522660,2017,70
3980,9522660,2018,74
3981,9522660,2019,86
3982,9522660,2020,105
3983,9522660,2021,99
3984,9522660,2022,101
3985,9522660,2023,88
3986,9522660,2024,80
3987,9522660,2025,2
3988,9522680,2011,0
3989,9522680,2012,0
3990,9522680,2013,0
3991,9522680,2014,0
3992,9522680,2015,0
3993,9522680,2016,0
3994,9522680,2017,147
3995,9522680,2018,200
3996,9522680,2019,0
3997,9522680,2020,66
3998,9522680,2021,0
3999,9522680,2022,0
4000,9522680,2023,0
4001,9522680,2024,7
4002,9522680,2025,1
4003,9522700,2010,0
4004,9522700,2011,1
4005,9522700,2012,5
4006,9522700,2013,2
4007,9522700,2014,0
4008,9522700,2015,5
4009,9522700,2016,0
4010,9522700,2017,1
4011,9522700,2018,0
4012,9522700,2019,0
4013,9522700,2020,0
4014,9522700,2021,10
4015,9522700,2022,12
4016,9522700,2023,6
4017,9522700,2024,13
4018,9522700,2025,0
4019,9522800,2005,0
4020,9522800,2006,1
4021,9522800,2007,0
4022,9522800,2008,0
4023,9522800,2009,0
4024,9522800,2010,0
4025,9522800,2011,0
4026,9522800,2012,0
4027,9522800,2013,0
4028,9522800,2014,0
4029,9522800,2015,0
4030,9522800,2016,0
4031,9522800,2017,0
4032,9522800,2018,0
4033,9522800,2019,0
4034,9522800,2020,0
4035,9522800,2021,0
4036,9522800,2022,11
4037,9522800,2023,1
4038,9522800,2024,2
4039,9522800,2025,0
4040,9522850,2005,12
4041,9522850,2006,9
4042,9522850,2007,8
4043,9522850,2008,9
4044,9522850,2009,9
4045,9522850,2010,0
4046,9522850,2011,22
4047,9522850,2012,30
4048,9522850,2013,17
4049,9522850,2014,14
4050,9522850,2015,26
4051,9522850,2016,31
4052,9522850,2017,27
4053,9522850,2018,30
4054,9522850,2019,24
4055,9522850,2020,23
4056,9522850,2021,8
4057,9522850,2022,6
4058,9522850,2023,9
4059,9522850,2024,5
4060,9522850,2025,0
4061,9522860,2015,66
4062,9522860,2016,0
4063,9522860,2017,0
4064,9522860,2018,0
4065,9522860,2019,0
4066,9522860,2020,0
4067,9522860,2021,0
4068,9522860,2022,0
4069,9522860,2023,0
4070,9522860,2024,0
4071,9522860,2025,0
4072,9522880,2005,0
4073,9522880,2006,0
4074,9522880,2007,1
4075,9522880,2008,0
4076,9522880,2009,0
4077,9522880,2010,0
4078,9522880,2011,0
4079,9522880,2012,0
4080,9522880,2013,130
4081,9522880,2014,203
4082,9522880,2015,0
4083,9522880,2016,0
4084,9522880,2017,0
4085,9522880,2018,0
4086,9522880,2019,0
4087,9522880,2020,0
4088,9522880,2021,0
4089,9522880,2022,0
4090,9522880,2023,0
4091,9522880,2024,76
4092,9522880,2025,0
4093,9522900,2007,32
4094,9522900,2008,132
4095,9522900,2009,128
4096,9522900,2010,127
4097,9522900,2011,118
4098,9522900,2012,123
4099,9522900,2013,129
4100,9522900,2014,123
4101,9522900,2015,127
4102,9522900,2016,133
4103,9522900,2017,127
4104,9522900,2018,125
4105,9522900,2019,137
4106,9522900,2020,132
4107,9522900,2021,126
4108,9522900,2022,130
4109,9522900,2023,140
4110,9522900,2024,133
4111,9522900,2025,7
4112,9525500,2000,0
4113,9525500,2001,0
4114,9525500,2005,0
4115,9525500,2006,0
4116,9525500,2007,2
4117,9525500,2008,0
4118,9525500,2009,0
4119,9525500,2010,0
4120,9525500,2011,0
4121,9525500,2012,0
4122,9525500,2013,2
4123,9525500,2014,0
4124,9525500,2015,0
4125,9525500,2016,0
4126,9525500,2017,0
4127,9525500,2018,0
4128,9525500,2019,0
4129,9525500,2020,0
4130,9525500,2021,0
4131,9525500,2022,0
4132,9525500,2023,0
4133,9525500,2024,0
4134,9525500,2025,0
4135,9526000,2005,0
4136,9526000,2006,0
4137,9526000,2007,0
4138,9526000,2008,0
4139,9526000,2009,0
4140,9526000,2010,0
4141,9526000,2011,0
4142,9526000,2012,0
4143,9526000,2013,0
4144,9526000,2014,0
4145,9526000,2015,0
4146,9526000,2016,0
4147,9526000,2017,0
4148,9526000,2018,0
4149,9526000,2019,0
4150,9526000,2020,0
4151,9526000,2021,0
4152,9526000,2022,0
4153,9526000,2023,0
4154,9526000,2024,0
4155,9526000,2025,0
4156,9528200,2007,47
4157,9528200,2008,240
4158,9528200,2009,287
4159,9528200,2010,257
4160,9528200,2011,85
4161,9528200,2012,86
4162,9528200,2013,266
4163,9528200,2014,335
4164,9528200,2015,350
4165,9528200,2016,329
4166,9528200,2017,348
4167,9528200,2018,336
4168,9528200,2019,319
4169,9528200,2020,320
4170,9528200,2021,315
4171,9528200,2022,328
4172,9528200,2023,336
4173,9528200,2024,336
4174,9528200,2025,15
4175,9528800,2000,79
4176,9528800,2001,60
4177,9528800,2002,45
4178,9528800,2003,45
4179,9528800,2004,35
4180,9528800,2005,28
4181,9528800,2006,198
4182,9528800,2007,261
4183,9528800,2008,273
4184,9528800,2009,277
4185,9528800,2010,280
4186,9528800,2011,267
4187,9528800,2012,244
4188,9528800,2013,232
4189,9528800,2014,207
4190,9528800,2015,146
4191,9528800,2016,15
4192,9528800,2017,7
4193,9528800,2018,0
4194,9528800,2019,3
4195,9528800,2020,2
4196,9528800,2021,4
4197,9528800,2022,4
4198,9528800,2023,0
4199,9528800,2024,0
4200,9528800,2025,0
4201,9529000,2000,0
4202,9529000,2001,0
4203,9529000,2002,0
4204,9529000,2003,0
4205,9529000,2004,0
4206,9529000,2005,0
4207,9529000,2006,0
4208,9529000,2007,0
4209,9529000,2008,0
4210,9529000,2009,0
4211,9529000,2010,0
4212,9529000,2011,0
4213,9529000,2012,0
4214,9529000,2013,0
4215,9529000,2014,0
4216,9529000,2015,0
4217,9529000,2016,0
4218,9529000,2017,0
4219,9529000,2018,0
4220,9529000,2019,0
4221,9529000,2020,0
4222,9529000,2021,0
4223,9529000,2022,0
4224,9529000,2023,0
4225,9529000,2024,0
4226,9529000,2025,0
4227,9529150,2000,0
4228,9529150,2001,0
4229,9529150,2002,13
4230,9529150,2003,45
4231,9529150,2004,57
4232,9529150,2005,1
4233,9529150,2006,29
4234,9529150,2007,19
4235,9529150,2008,47
4236,9529150,2009,13
4237,9529150,2010,23
4238,9529150,2011,0
4239,9529150,2012,9
4240,9529150,2013,3
4241,9529150,2014,1
4242,9529150,2015,11
4243,9529150,2016,8
4244,9529150,2017,10
4245,9529150,2018,6
4246,9529150,2019,0
4247,9529150,2020,3
4248,9529150,2021,0
4249,9529150,2022,13
4250,9529150,2023,51
4251,9529150,2024,0
4252,9529150,2025,0
4253,9529250,2000,56
4254,9529250,2001,23
4255,9529250,2002,18
4256,9529250,2003,14
4257,9529250,2004,8
4258,9529250,2005,21
4259,9529250,2006,97
4260,9529250,2007,35
4261,9529250,2008,7
4262,9529250,2009,8
4263,9529250,2010,0
4264,9529250,2011,2
4265,9529250,2012,0
4266,9529250,2013,3
4267,9529250,2014,5
4268,9529250,2015,3
4269,9529250,2016,7
4270,9529250,2017,11
4271,9529250,2018,1
4272,9529250,2019,4
4273,9529250,2020,0
4274,9529250,2021,6
4275,9529250,2022,9
4276,9529250,2023,4
4277,9529250,2024,16
4278,9529250,2025,0
4279,9529300,2000,0
4280,9529300,2001,0
4281,9529300,2002,0
4282,9529300,2003,0
4283,9529300,2004,0
4284,9529300,2005,0
4285,9529300,2006,0
4286,9529300,2007,0
4287,9529300,2008,0
4288,9529300,2009,0
4289,9529300,2010,0
4290,9529300,2011,4
4291,9529300,2012,0
4292,9529300,2013,0
4293,9529300,2014,0
4294,9529300,2015,0
4295,9529300,2016,8
4296,9529300,2017,4
4297,9529300,2018,0
4298,9529300,2019,0
4299,9529300,2020,0
4300,9529300,2021,1
4301,9529300,2022,0
4302,9529300,2023,3
4303,9529300,2024,9
4304,9529300,2025,0
4305,9529420,2000,1
4306,9529420,2001,6
4307,9529420,2002,0
4308,9529420,2003,3
4309,9529420,2004,0
4310,9529420,2005,0
4311,9529420,2006,0
4312,9529420,2007,0
4313,9529420,2008,0
4314,9529420,2009,0
4315,9529420,2010,0
4316,9529420,2011,0
4317,9529420,2012,0
4318,9529420,2013,0
4319,9529420,2015,2
4320,9529420,2016,2
4321,9529420,2017,95
4322,9529420,2019,141
4323,9529420,2020,133
4324,9529420,2021,365
4325,9529420,2022,234
4326,9529420,2023,14
4327,9529420,2024,19
4328,9529420,2025,2
4329,9530200,2024,96
4330,9530200,2025,1
4331,9535295,2000,331
4332,9535295,2001,101
4333,9537200,2000,0
4334,9537200,2001,0
4335,9537200,2002,24
4336,9537200,2003,0
4337,9537200,2004,210
4338,9537200,2005,150
4339,9537200,2006,36
4340,9537200,2007,0
4341,9537200,2008,30
4342,9537200,2009,75
4343,9537200,2010,350
4344,9537200,2011,365
4345,9537200,2012,365
4346,9537200,2013,201
4347,9537200,2014,62
4348,9537200,2015,0
4349,9537200,2016,284
4350,9537200,2017,232
4351,9537200,2018,172
4352,9537200,2019,365
4353,9537200,2020,366
4354,9537200,2021,226
4355,9537200,2022,0
4356,9537200,2023,180
4357,9537200,2024,359
4358,9537200,2025,15
4359,9537500,2002,62
4360,9537500,2003,268
4361,9537500,2004,306
4362,9537500,2005,302
4363,9537500,2006,294
4364,9537500,2007,293
4365,9537500,2008,299
4366,9537500,2009,347
4367,9537500,2010,305
4368,9537500,2011,283
4369,9537500,2012,294
4370,9537500,2013,272
4371,9537500,2014,293
4372,9537500,2015,206
4373,9537500,2016,291
4374,9537500,2017,324
4375,9537500,2018,282
4376,9537500,2019,260
4377,9537500,2020,314
4378,9537500,2021,259
4379,9537500,2022,250
4380,9537500,2023,348
4381,9537500,2024,302
4382,9537500,2025,15
4383,9537700,2024,156
4384,9537700,2025,15
4385,94985005,2007,9
4386,94985005,2008,73
4387,94985005,2009,169
4388,94985005,2010,107
4389,94985005,2011,154
4390,94985005,2012,168
4391,94985005,2013,185
4392,94985005,2014,113
4393,94985005,2015,156
4394,94985005,2016,196
4395,94985005,2017,199
4396,94985005,2018,179
4397,94985005,2019,179
4398,94985005,2020,229
4399,94985005,2021,114
4400,94985005,2022,51
4401,94985005,2023,178
4402,94985005,2024,198
4403,94985005,2025,0
4404,351848111323301,2011,83
4405,351848111323301,2012,309
4406,351848111323301,2013,270
4407,351848111323301,2014,251
4408,352025111332401,2011,86
4409,352025111332401,2012,347
4410,352025111332401,2013,347
4411,352025111332401,2014,279
